song_name,song_popularity,song_duration_ms,acousticness,danceability,energy,instrumentalness,key,liveness,loudness,audio_mode,speechiness,tempo,time_signature,audio_valence
Boulevard of Broken Dreams,73.0,262333.0,0.0,0.5,0.7,0.0,8.0,0.1,-4.1,1.0,0.0,167.1,4.0,0.5
In The End,66.0,216933.0,0.0,0.5,0.9,0.0,3.0,0.1,-6.4,0.0,0.0,105.3,4.0,0.4
Seven Nation Army,76.0,231733.0,0.0,0.7,0.5,0.4,0.0,0.3,-7.8,1.0,0.1,123.9,4.0,0.3
By The Way,74.0,216933.0,0.0,0.5,1.0,0.0,0.0,0.1,-4.9,1.0,0.1,122.4,4.0,0.2
How You Remind Me,56.0,223826.0,0.0,0.4,0.8,0.0,10.0,0.1,-5.1,1.0,0.0,172.0,4.0,0.6
Bring Me To Life,80.0,235893.0,0.0,0.3,0.9,0.0,4.0,0.4,-3.2,0.0,0.1,189.9,4.0,0.3
Last Resort,81.0,199893.0,0.0,0.6,0.9,0.0,4.0,0.3,-3.7,0.0,0.1,90.6,4.0,0.7
Are You Gonna Be My Girl,76.0,213800.0,0.0,0.6,1.0,0.0,2.0,0.2,-3.4,1.0,0.1,105.0,4.0,0.5
Mr. Brightside,80.0,222586.0,0.0,0.3,0.9,0.0,1.0,0.1,-3.7,1.0,0.1,148.1,4.0,0.2
Sex on Fire,81.0,203346.0,0.0,0.5,0.9,0.0,9.0,0.1,-5.7,1.0,0.1,153.4,4.0,0.4
The Middle,78.0,168253.0,0.0,0.6,0.9,0.0,2.0,0.3,-3.4,1.0,0.0,161.9,4.0,0.9
Numb,63.0,185586.0,0.0,0.5,0.9,0.0,9.0,0.6,-4.2,1.0,0.0,110.0,4.0,0.2
Smooth Criminal,75.0,209266.0,0.0,0.6,1.0,0.0,9.0,0.2,-4.2,0.0,0.1,126.9,4.0,0.9
Can't Stop,81.0,269000.0,0.0,0.6,0.9,0.0,9.0,0.2,-3.4,1.0,0.0,91.5,4.0,0.9
Chop Suey!,69.0,210240.0,0.0,0.4,0.9,0.0,7.0,0.1,-3.9,0.0,0.1,127.2,4.0,0.3
Take Me Out,77.0,237026.0,0.0,0.3,0.7,0.0,9.0,0.1,-8.8,1.0,0.0,104.5,4.0,0.5
I Miss You,71.0,227240.0,0.0,0.7,0.8,0.0,11.0,0.1,-6.4,1.0,0.0,110.0,4.0,0.6
Best of You,62.0,256600.0,0.0,0.4,0.9,0.0,1.0,0.1,-5.0,0.0,0.1,130.3,4.0,0.3
I Write Sins Not Tragedies,77.0,187613.0,0.1,0.6,0.8,0.0,9.0,0.1,-5.0,0.0,0.1,170.1,4.0,0.6
Kryptonite,79.0,233933.0,0.0,0.5,0.9,0.0,11.0,0.2,-5.7,0.0,0.0,99.0,4.0,0.5
The Kill (Bury Me),69.0,231533.0,0.0,0.3,0.9,0.0,4.0,0.6,-3.9,0.0,0.1,183.0,3.0,0.3
Use Somebody,79.0,230760.0,0.0,0.3,0.7,0.0,0.0,0.2,-5.4,1.0,0.0,137.0,4.0,0.2
No One Knows,13.0,255066.0,0.0,0.5,0.5,0.0,0.0,0.1,-5.8,1.0,0.0,171.0,4.0,0.7
Jerk It Out,62.0,195666.0,0.0,0.6,1.0,0.0,8.0,0.4,-2.6,0.0,0.1,134.0,4.0,0.9
Uprising,77.0,304840.0,0.0,0.6,0.9,0.1,2.0,0.1,-4.0,1.0,0.1,128.0,4.0,0.4
Hey There Delilah,79.0,232533.0,0.9,0.7,0.3,0.0,2.0,0.1,-10.6,1.0,0.0,104.0,4.0,0.3
Blurry,28.0,303920.0,0.0,0.4,0.9,0.0,3.0,0.1,-4.5,0.0,0.1,157.4,4.0,0.5
American Idiot,78.0,176346.0,0.0,0.4,1.0,0.0,1.0,0.4,-2.0,1.0,0.1,186.1,4.0,0.8
Welcome to the Black Parade,77.0,311106.0,0.0,0.2,0.9,0.0,2.0,0.2,-4.1,1.0,0.1,97.0,4.0,0.2
Gives You Hell,71.0,213106.0,0.0,0.7,0.7,0.0,4.0,0.1,-6.4,1.0,0.0,100.0,4.0,0.6
All My Life,11.0,262733.0,0.0,0.6,0.6,0.0,5.0,0.5,-5.7,1.0,0.1,167.7,4.0,0.7
Like a Stone,77.0,293960.0,0.0,0.6,0.6,0.0,7.0,0.1,-5.5,0.0,0.0,107.8,4.0,0.5
It's Been Awhile,65.0,264706.0,0.0,0.5,0.8,0.0,6.0,0.1,-4.1,1.0,0.0,116.5,4.0,0.1
I Hate Everything About You,75.0,231480.0,0.0,0.5,0.8,0.0,6.0,0.1,-5.2,0.0,0.0,89.3,4.0,0.5
Rollin' (Air Raid Vehicle),74.0,213760.0,0.0,0.6,0.9,0.0,9.0,0.3,-3.3,1.0,0.2,96.2,4.0,0.7
Fat Lip,74.0,178266.0,0.0,0.6,0.9,0.0,9.0,0.1,-5.2,1.0,0.1,98.1,4.0,0.6
The Pretender,11.0,269373.0,0.0,0.4,1.0,0.0,9.0,0.0,-4.0,1.0,0.0,173.0,4.0,0.4
Savior,73.0,242280.0,0.0,0.5,0.9,0.0,5.0,0.4,-3.5,0.0,0.0,112.4,4.0,0.5
Bodies,74.0,201960.0,0.0,0.7,0.9,0.0,4.0,0.1,-3.4,0.0,0.1,130.9,4.0,0.5
"Sugar, We're Goin Down",79.0,229093.0,0.0,0.5,0.8,0.0,7.0,0.2,-4.7,1.0,0.1,162.0,4.0,0.7
Last Nite,70.0,193373.0,0.0,0.6,0.9,0.0,0.0,0.1,-5.7,1.0,0.0,104.1,4.0,0.8
Through Glass,60.0,282946.0,0.0,0.5,0.8,0.0,3.0,0.4,-4.6,0.0,0.0,105.8,4.0,0.4
The Diary of Jane - Single Version,69.0,200546.0,0.0,0.4,1.0,0.1,10.0,0.1,-4.4,0.0,0.1,167.0,4.0,0.4
Down With the Sickness,73.0,279213.0,0.0,0.7,0.9,0.0,3.0,0.1,-4.3,0.0,0.1,90.0,4.0,0.9
Wish You Were Here,62.0,212733.0,0.0,0.2,0.8,0.3,9.0,0.1,-7.5,1.0,0.0,169.9,4.0,0.4
Youth Of The Nation,72.0,256240.0,0.0,0.6,0.9,0.0,8.0,0.4,-7.5,1.0,0.1,97.9,4.0,0.5
Vertigo,57.0,194520.0,0.0,0.4,0.8,0.0,2.0,0.1,-3.9,1.0,0.1,139.9,4.0,0.7
Miss Murder,71.0,206586.0,0.0,0.3,0.9,0.0,1.0,0.1,-4.5,1.0,0.0,143.5,4.0,0.7
I Bet You Look Good On The Dancefloor,63.0,173680.0,0.0,0.5,0.9,0.0,6.0,0.4,-4.2,0.0,0.0,103.2,4.0,0.8
"Steady, As She Goes",64.0,215266.0,0.0,0.5,0.6,0.0,9.0,0.1,-4.6,1.0,0.1,123.7,4.0,0.5
Falling Away from Me,71.0,270920.0,0.0,0.5,0.8,0.0,4.0,0.3,-7.0,1.0,0.0,104.1,4.0,0.2
Crawling In The Dark,61.0,175026.0,0.0,0.6,0.9,0.0,6.0,0.1,-4.5,0.0,0.1,93.7,4.0,0.7
I Stand Alone,67.0,246040.0,0.0,0.2,0.9,0.0,0.0,0.1,-4.5,1.0,0.1,169.2,4.0,0.4
Woman,63.0,176306.0,0.0,0.2,1.0,0.1,2.0,0.2,-3.6,1.0,0.2,112.9,1.0,0.2
Show Me How to Live,72.0,277840.0,0.0,0.4,0.9,0.0,9.0,0.2,-3.9,1.0,0.0,89.4,4.0,0.4
The Red,71.0,238400.0,0.0,0.5,0.8,0.0,1.0,0.3,-3.3,0.0,0.0,140.1,3.0,0.3
Remedy,70.0,207213.0,0.0,0.5,1.0,0.0,8.0,0.1,-4.7,1.0,0.1,127.8,4.0,0.4
Plug In Baby,65.0,218000.0,0.0,0.4,1.0,0.0,2.0,0.1,-4.2,1.0,0.1,136.0,4.0,0.3
Change (In the House of Flies) - In The House Of Flies LP Version,69.0,299533.0,0.0,0.3,0.9,0.0,7.0,0.1,-4.6,0.0,0.1,141.6,4.0,0.2
Judith,66.0,247266.0,0.0,0.4,0.9,0.2,11.0,0.3,-4.7,0.0,0.1,82.3,3.0,0.3
MIA (feat. Drake),94.0,210367.0,0.0,0.8,0.5,0.0,6.0,0.1,-6.4,0.0,0.1,97.1,4.0,0.2
"Taki Taki (with Selena Gomez, Ozuna & Cardi B)",98.0,212500.0,0.2,0.8,0.8,0.0,1.0,0.1,-4.2,0.0,0.2,95.9,4.0,0.6
White Boi,59.0,185282.0,0.1,0.8,0.5,0.0,1.0,0.1,-6.9,1.0,0.1,128.0,4.0,0.6
Just Wanna Love You (feat. J. Balvin),73.0,199230.0,0.1,0.7,0.8,0.0,11.0,0.1,-6.1,1.0,0.1,95.0,4.0,0.3
Beautiful (feat. Camila Cabello),94.0,180000.0,0.3,0.6,0.7,0.0,2.0,0.1,-4.7,1.0,0.0,100.0,4.0,0.2
Celoso,87.0,179693.0,0.4,0.7,0.7,0.0,4.0,0.3,-4.2,0.0,0.1,166.0,4.0,0.7
Good Vibes,73.0,235720.0,0.0,0.8,0.6,0.0,7.0,0.1,-3.9,1.0,0.1,100.0,4.0,0.2
Real Friends,85.0,223583.0,0.2,0.7,0.5,0.0,0.0,0.1,-6.9,0.0,0.1,91.9,4.0,0.7
Pa La Calle,61.0,243487.0,0.1,0.7,0.9,0.0,0.0,0.1,-6.3,1.0,0.1,75.0,4.0,0.9
Pa Mí,58.0,210865.0,0.7,0.7,0.6,0.0,11.0,0.1,-8.5,0.0,0.3,170.0,4.0,0.6
Wake Up in the Sky,92.0,204664.0,0.0,0.8,0.6,0.0,4.0,0.4,-5.1,0.0,0.0,143.0,4.0,0.4
"Está Rico",83.0,215151.0,0.3,0.8,0.7,0.0,11.0,0.1,-4.6,0.0,0.3,130.0,4.0,0.7
Banana Clip - Spanish Version,57.0,202373.0,0.1,0.4,0.7,0.0,1.0,0.1,-5.6,0.0,0.1,83.8,4.0,0.7
YAKWTFGO (feat. Kali Uchis),44.0,162733.0,0.0,0.8,0.7,0.0,5.0,0.2,-6.0,0.0,0.1,132.0,4.0,0.2
Come With Me,47.0,157461.0,0.1,0.7,0.7,0.0,10.0,0.2,-4.0,1.0,0.0,162.0,4.0,0.3
Como Si Na,54.0,170997.0,0.2,0.7,0.8,0.0,9.0,0.2,-4.1,0.0,0.2,160.1,4.0,0.7
Blah,47.0,188440.0,0.0,0.7,0.7,0.0,11.0,0.1,-4.6,0.0,0.2,173.7,4.0,0.8
Love N Hennessy REMIX (feat. 2 Chainz & Nicky Jam),64.0,253714.0,0.0,0.9,0.4,0.0,8.0,0.1,-7.6,0.0,0.5,140.0,4.0,0.6
Mi Infinita,56.0,272000.0,0.9,0.5,0.7,0.3,10.0,0.1,-7.6,1.0,0.0,119.9,4.0,0.1
Coqueta,49.0,174000.0,0.6,0.6,0.7,0.9,4.0,0.2,-10.6,1.0,0.0,115.0,4.0,0.6
Sola,65.0,209573.0,0.9,0.5,0.2,0.0,9.0,0.1,-10.3,1.0,0.1,174.3,4.0,0.2
Nuestro Planeta (feat. Reykon),52.0,202754.0,0.1,0.9,0.5,0.0,0.0,0.1,-6.5,0.0,0.1,96.0,4.0,0.4
Hijo de Su Madre,61.0,178009.0,0.1,0.8,0.6,0.4,5.0,0.3,-7.1,1.0,0.1,118.1,4.0,0.7
Lento,65.0,169251.0,0.1,0.8,0.6,0.0,11.0,0.1,-5.3,0.0,0.2,164.0,4.0,0.9
Dicen,77.0,220826.0,0.1,0.8,0.6,0.0,5.0,0.2,-5.7,0.0,0.1,103.0,4.0,0.8
BEBE,95.0,217822.0,0.2,0.6,0.9,0.0,0.0,0.1,-3.6,1.0,0.1,102.1,4.0,0.3
I Like It,95.0,253390.0,0.1,0.8,0.7,0.0,5.0,0.4,-4.0,0.0,0.1,136.0,4.0,0.7
Zooted (feat. French Montana & Farruko),74.0,217652.0,0.3,0.8,0.6,0.0,6.0,0.3,-5.1,1.0,0.1,110.0,4.0,0.6
Havana - Remix,77.0,199095.0,0.4,0.8,0.6,0.0,2.0,0.1,-4.0,1.0,0.0,105.0,4.0,0.3
Pum Pum,45.0,185743.0,0.1,0.7,0.9,0.0,4.0,0.1,-1.5,0.0,0.1,93.0,4.0,0.6
Quiero Saber,52.0,166253.0,0.0,0.7,0.8,0.0,6.0,0.3,-5.5,0.0,0.0,103.0,4.0,0.6
Como,38.0,234373.0,0.0,0.5,0.8,0.0,9.0,0.1,-3.6,1.0,0.1,92.0,4.0,0.7
Anywhere Contigo,46.0,193846.0,0.3,0.8,0.8,0.0,9.0,0.1,-4.3,1.0,0.1,104.0,4.0,0.8
No Gratis,44.0,208800.0,0.4,0.8,0.5,0.0,7.0,0.1,-9.5,1.0,0.2,147.2,4.0,1.0
Díganle - Tainy Remix,75.0,211437.0,0.1,0.8,0.8,0.0,1.0,0.3,-4.7,0.0,0.1,92.0,4.0,0.6
Sangria Wine,75.0,202853.0,0.2,0.8,0.7,0.0,1.0,0.1,-3.6,0.0,0.1,132.1,4.0,0.7
All Day,45.0,198386.0,0.1,0.8,0.5,0.0,2.0,0.2,-8.6,1.0,0.0,121.0,4.0,0.8
Just As I Am,53.0,224413.0,0.2,0.7,0.8,0.0,8.0,0.1,-5.8,0.0,0.1,129.9,4.0,0.7
Nice & Slow,38.0,218448.0,0.0,0.8,0.6,0.0,5.0,0.3,-4.6,0.0,0.0,127.0,4.0,0.7
Scooby Doo Pa Pa (Remix),60.0,176702.0,0.2,0.9,1.0,0.0,1.0,0.3,-1.4,1.0,0.2,120.9,4.0,0.5
Don't Werk,39.0,133120.0,0.1,0.7,0.6,0.0,7.0,0.3,-8.7,1.0,0.1,123.2,4.0,0.4
"1, 2, 3 (feat. Jason Derulo & De La Ghetto)",88.0,201526.0,0.2,0.8,0.9,0.0,1.0,0.1,-3.1,0.0,0.1,95.0,4.0,0.8
Pa Mi (with Ozuna),77.0,216689.0,0.1,0.6,0.6,0.0,1.0,0.1,-7.5,0.0,0.1,133.2,5.0,0.7
Lo Siento,68.0,226183.0,0.1,0.7,0.7,0.0,9.0,0.0,-3.7,1.0,0.2,94.8,4.0,0.6
"Nuestra Cancion Pt. 2 (feat. Arcángel)",46.0,215003.0,0.0,0.5,0.8,0.0,8.0,0.1,-4.1,1.0,0.1,99.9,4.0,0.6
La Hora Loca,44.0,175239.0,0.0,0.8,0.7,0.0,7.0,0.1,-5.4,0.0,0.1,126.0,4.0,0.8
Dinero - English Version,37.0,161093.0,0.0,0.7,0.8,0.0,11.0,0.1,-4.7,0.0,0.1,120.0,4.0,0.5
Pum Pum (feat. Kap G & Play-N-Skillz),53.0,182224.0,0.1,0.9,0.6,0.0,10.0,0.1,-8.3,0.0,0.1,92.0,4.0,0.6
Hora Loca,65.0,215421.0,0.1,0.7,0.8,0.0,7.0,0.1,-5.4,0.0,0.1,166.2,4.0,0.7
Better With You,68.0,196018.0,0.3,0.8,0.4,0.0,5.0,0.1,-7.9,1.0,0.1,90.0,4.0,0.5
NIGHTS LIKE THESE,59.0,204453.0,0.1,0.5,0.7,0.0,2.0,0.1,-4.9,1.0,0.2,78.8,4.0,0.4
Alright,43.0,229038.0,0.0,0.6,0.6,0.0,5.0,0.1,-5.6,1.0,0.0,85.0,4.0,0.3
Insecure,53.0,191906.0,0.4,0.5,0.7,0.0,10.0,0.1,-3.2,0.0,0.2,185.5,4.0,0.5
Si Una Vez - (If I Once)[Spanglish Version],54.0,237860.0,0.1,0.6,0.8,0.0,5.0,0.1,-2.4,1.0,0.1,175.9,4.0,0.4
Finesse (Remix) [feat. Cardi B],84.0,217288.0,0.0,0.7,0.9,0.0,5.0,0.0,-4.9,0.0,0.1,105.1,4.0,0.9
Belong To U,44.0,202574.0,0.6,0.6,0.8,0.0,1.0,0.1,-5.7,1.0,0.0,100.9,4.0,0.5
Sunny Daze,40.0,167823.0,0.6,0.9,0.7,0.0,7.0,0.1,-6.2,1.0,0.1,92.4,4.0,0.8
"Uno Más Feat. Pharrell Williams, Miguel, Wiz Khalifa, J Alvarez (Remix)",41.0,241135.0,0.1,0.8,0.8,0.0,7.0,0.1,-4.5,1.0,0.1,105.0,4.0,0.8
Island,37.0,194011.0,0.1,0.7,0.8,0.0,2.0,0.2,-5.0,0.0,0.1,109.9,4.0,0.4
Crazy In Love,79.0,236133.0,0.0,0.6,0.8,0.0,2.0,0.1,-6.6,0.0,0.2,99.2,4.0,0.7
Rock Your Body,74.0,267266.0,0.2,0.9,0.7,0.0,4.0,0.1,-6.1,0.0,0.1,101.0,4.0,0.8
Beautiful Girls,10.0,241933.0,0.2,0.7,0.7,0.0,9.0,0.3,-5.9,1.0,0.1,130.0,4.0,0.7
Toxic,60.0,198813.0,0.0,0.8,0.8,0.0,5.0,0.2,-3.9,0.0,0.1,143.0,4.0,0.9
Michael Jackson x Mark Ronson: Diamonds are Invincible,70.0,300026.0,0.3,0.7,0.8,0.0,11.0,0.2,-2.4,0.0,0.3,117.3,4.0,0.5
Yeah!,79.0,250373.0,0.0,0.9,0.8,0.0,2.0,0.0,-4.7,1.0,0.1,105.0,4.0,0.6
Live Your Life (feat. Rihanna),76.0,338853.0,0.1,0.4,0.9,0.0,11.0,0.2,-3.4,0.0,0.3,159.8,4.0,0.5
Hips Don't Lie,84.0,218093.0,0.3,0.8,0.8,0.0,10.0,0.4,-5.9,0.0,0.1,100.0,4.0,0.8
"Hey, Soul Sister",77.0,216666.0,0.2,0.7,0.9,0.0,1.0,0.1,-4.4,0.0,0.0,97.0,4.0,0.8
Pumped Up Kicks,84.0,239600.0,0.1,0.7,0.7,0.1,5.0,0.1,-5.8,0.0,0.0,128.0,4.0,1.0
Love Never Felt so Good,74.0,246026.0,0.1,0.8,0.7,0.0,7.0,0.1,-6.2,0.0,0.0,117.5,4.0,0.7
Hall of Fame,73.0,202533.0,0.1,0.4,0.9,0.0,10.0,0.1,-4.3,1.0,0.1,84.8,4.0,0.6
All of Me,85.0,269560.0,0.9,0.4,0.3,0.0,8.0,0.1,-7.1,1.0,0.0,119.9,4.0,0.3
Drops of Jupiter,78.0,259933.0,0.2,0.5,0.6,0.0,0.0,0.2,-5.9,1.0,0.0,79.3,4.0,0.5
We Can't Stop,78.0,231240.0,0.0,0.6,0.6,0.0,1.0,0.4,-5.8,0.0,0.0,80.0,4.0,0.5
Fighter,69.0,245960.0,0.2,0.4,0.9,0.0,4.0,0.6,-1.4,0.0,0.2,188.9,4.0,0.5
Since U Been Gone,75.0,188960.0,0.0,0.7,0.7,0.0,0.0,0.1,-5.4,1.0,0.0,131.0,4.0,0.4
Hey Ya! - Radio Mix / Club Mix,76.0,235213.0,0.1,0.7,1.0,0.0,4.0,0.2,-2.3,0.0,0.1,79.5,4.0,1.0
TiK ToK,71.0,199693.0,0.1,0.8,0.8,0.0,2.0,0.3,-2.7,0.0,0.1,120.0,4.0,0.7
Look At Me Now,71.0,223933.0,0.0,0.8,0.7,0.0,11.0,0.2,-5.7,0.0,0.2,146.1,4.0,0.6
SexyBack,77.0,242733.0,0.1,1.0,0.6,0.0,7.0,0.1,-5.6,0.0,0.1,117.0,4.0,1.0
With You,69.0,252160.0,0.1,0.7,0.7,0.0,3.0,0.1,-4.3,1.0,0.1,86.0,4.0,0.7
Breakeven,76.0,261426.0,0.2,0.6,0.7,0.0,10.0,0.1,-4.5,1.0,0.0,94.0,4.0,0.5
I Know You Want Me (Calle Ocho),65.0,237120.0,0.0,0.8,0.7,0.0,2.0,0.2,-6.0,1.0,0.1,127.0,4.0,0.8
Bye Bye Bye,73.0,200400.0,0.0,0.6,0.9,0.0,8.0,0.1,-4.8,0.0,0.0,172.6,4.0,0.9
Complicated,77.0,244506.0,0.1,0.6,0.8,0.0,5.0,0.3,-5.9,1.0,0.0,78.0,4.0,0.4
Let Me Love You,80.0,256733.0,0.2,0.7,0.6,0.0,7.0,0.1,-9.0,0.0,0.1,94.5,4.0,0.6
Beautiful,73.0,238560.0,0.6,0.5,0.6,0.0,5.0,0.1,-3.9,0.0,0.0,76.2,4.0,0.1
Raise Your Glass,54.0,203306.0,0.0,0.7,0.7,0.0,7.0,0.0,-4.9,1.0,0.1,122.0,4.0,0.6
Timber,75.0,204160.0,0.0,0.6,1.0,0.0,11.0,0.1,-4.1,1.0,0.1,130.0,4.0,0.8
What Makes You Beautiful,69.0,198053.0,0.0,0.7,0.8,0.0,4.0,0.1,-2.5,1.0,0.1,125.0,4.0,0.9
No One,79.0,253813.0,0.0,0.6,0.6,0.0,1.0,0.1,-5.4,0.0,0.0,90.0,4.0,0.2
Sk8er Boi,67.0,204000.0,0.0,0.5,0.9,0.0,0.0,0.4,-4.4,1.0,0.0,149.9,4.0,0.5
Womanizer,76.0,224400.0,0.1,0.7,0.7,0.0,11.0,0.1,-5.2,1.0,0.1,139.0,4.0,0.2
Give Me Everything,75.0,252306.0,0.2,0.7,0.9,0.0,8.0,0.3,-3.2,1.0,0.2,129.0,4.0,0.5
Single Ladies (Put a Ring on It),72.0,193213.0,0.0,0.4,0.6,0.0,1.0,0.2,-5.3,1.0,0.3,193.4,4.0,0.3
Bleeding Love,81.0,262466.0,0.2,0.6,0.7,0.0,5.0,0.1,-5.9,1.0,0.0,104.0,4.0,0.2
Lose My Breath,63.0,242013.0,0.0,0.8,0.9,0.2,1.0,0.1,-6.0,1.0,0.1,119.0,4.0,0.5
Love Song,77.0,258826.0,0.0,0.6,0.8,0.0,2.0,0.2,-3.1,0.0,0.0,123.1,4.0,0.6
Ms. Jackson,78.0,270506.0,0.1,0.8,0.8,0.0,4.0,0.1,-5.9,0.0,0.3,94.9,4.0,0.6
Die Young,72.0,211920.0,0.0,0.7,0.7,0.0,1.0,0.2,-4.8,0.0,0.0,128.0,4.0,0.8
Survivor,62.0,254040.0,0.1,0.5,0.9,0.0,8.0,0.8,-2.1,1.0,0.4,161.2,4.0,0.7
Oops!...I Did It Again,77.0,211160.0,0.3,0.8,0.8,0.0,1.0,0.4,-5.4,0.0,0.0,95.1,4.0,0.9
Cry Me a River,77.0,288333.0,0.6,0.6,0.7,0.0,8.0,0.1,-6.6,0.0,0.2,73.9,4.0,0.6
Get Lucky (feat. Pharrell Williams & Nile Rodgers) - Radio Edit,77.0,248413.0,0.0,0.8,0.8,0.0,6.0,0.1,-9.0,0.0,0.0,116.0,4.0,0.9
Whatever You Like,75.0,249533.0,0.0,0.7,0.7,0.0,9.0,0.3,-6.2,0.0,0.1,150.1,4.0,0.5
"One, Two Step",78.0,203786.0,0.0,0.9,0.5,0.0,5.0,0.0,-11.0,0.0,0.2,113.0,4.0,0.8
Unwritten,77.0,259333.0,0.0,0.7,0.8,0.0,5.0,0.1,-6.3,1.0,0.0,100.0,4.0,0.6
Wrecking Ball,74.0,221360.0,0.4,0.5,0.4,0.0,5.0,0.1,-6.3,1.0,0.0,120.0,4.0,0.3
So What,65.0,215160.0,0.0,0.5,0.9,0.0,11.0,0.3,-3.1,1.0,0.0,126.0,4.0,0.4
"Whenever, Wherever",76.0,196160.0,0.2,0.8,0.8,0.0,1.0,0.2,-4.9,0.0,0.0,107.7,4.0,0.9
Baby Boy,69.0,244826.0,0.1,0.7,0.5,0.0,1.0,0.2,-9.2,1.0,0.2,91.0,4.0,0.8
It's Gonna Be Me,67.0,192426.0,0.0,0.6,0.9,0.0,0.0,0.0,-4.7,0.0,0.1,165.1,4.0,0.9
My Boo,77.0,223440.0,0.3,0.7,0.5,0.0,5.0,0.0,-8.2,1.0,0.1,86.4,4.0,0.7
Stronger (What Doesn't Kill You),52.0,221920.0,0.0,0.6,0.9,0.0,0.0,0.1,-5.9,1.0,0.0,116.0,4.0,0.7
Over My Head (Cable Car),60.0,236373.0,0.0,0.6,0.7,0.0,8.0,0.1,-5.2,1.0,0.0,116.0,4.0,0.7
For the First Time,65.0,252853.0,0.0,0.4,0.6,0.0,9.0,0.2,-4.8,1.0,0.0,173.8,4.0,0.4
Girlfriend,69.0,216600.0,0.0,0.6,1.0,0.0,7.0,0.2,-2.4,1.0,0.1,164.0,4.0,0.7
Fallin',76.0,210200.0,0.3,0.7,0.6,0.0,11.0,0.2,-7.5,0.0,0.0,96.0,3.0,0.5
How to Save a Life,83.0,262533.0,0.3,0.6,0.7,0.0,10.0,0.1,-4.1,1.0,0.0,122.0,4.0,0.4
Not Over You,69.0,218520.0,0.3,0.6,0.9,0.0,10.0,0.2,-4.6,1.0,0.1,142.1,4.0,0.4
Before He Cheats,73.0,199946.0,0.3,0.5,0.7,0.0,6.0,0.1,-3.3,0.0,0.0,147.9,4.0,0.3
Dirrty (feat. Redman),72.0,298853.0,0.1,0.6,0.9,0.0,2.0,0.3,-3.1,1.0,0.3,99.9,4.0,0.4
Caught Up,31.0,224946.0,0.0,0.8,0.8,0.0,6.0,0.1,-4.6,1.0,0.1,110.1,4.0,0.7
If I Ain't Got You,81.0,228706.0,0.6,0.6,0.4,0.0,7.0,0.1,-9.1,1.0,0.1,118.4,3.0,0.2
Wherever You Will Go,67.0,209360.0,0.0,0.6,0.7,0.0,2.0,0.1,-6.2,1.0,0.0,112.0,4.0,0.4
You Found Me,76.0,241853.0,0.0,0.3,0.8,0.0,8.0,0.1,-5.4,0.0,0.0,152.0,4.0,0.4
"Independent Women, Pt. 1",63.0,221626.0,0.4,0.5,0.6,0.0,6.0,0.2,-3.8,0.0,0.3,96.9,4.0,0.9
Because of You,75.0,219493.0,0.3,0.6,0.6,0.0,5.0,0.1,-5.4,0.0,0.0,140.0,4.0,0.1
Get The Party Started,67.0,191666.0,0.0,0.8,0.9,0.0,11.0,0.2,-3.4,0.0,0.0,128.9,4.0,1.0
The Anthem,73.0,175093.0,0.0,0.5,0.9,0.0,1.0,0.1,-3.1,1.0,0.1,177.8,4.0,0.9
I Don't Want to Be,63.0,217760.0,0.0,0.4,0.9,0.0,0.0,0.1,-5.1,0.0,0.1,154.7,4.0,0.5
The Way You Move (feat. Sleepy Brown) - Club Mix,68.0,234000.0,0.1,0.9,0.6,0.0,5.0,0.1,-4.9,0.0,0.0,126.0,4.0,0.6
Better in Time,73.0,234173.0,0.5,0.6,0.7,0.0,6.0,0.1,-4.3,1.0,0.1,164.0,4.0,0.5
Over You,64.0,204853.0,0.0,0.4,0.9,0.0,3.0,0.1,-2.6,1.0,0.0,156.1,4.0,0.6
The Great Escape,67.0,206520.0,0.0,0.4,0.9,0.0,1.0,0.2,-4.0,0.0,0.1,149.9,4.0,0.5
Your Body Is a Wonderland,78.0,249626.0,0.0,0.6,0.7,0.0,5.0,0.1,-6.3,1.0,0.0,94.0,4.0,0.7
Superman (It's Not Easy),48.0,222000.0,0.3,0.5,0.4,0.0,0.0,0.1,-9.7,1.0,0.0,106.5,4.0,0.2
Vivir Mi Vida,68.0,251160.0,0.3,0.7,0.9,0.0,8.0,0.4,-3.2,1.0,0.0,105.0,4.0,0.9
La Vida Es Un Carnaval,24.0,275253.0,0.4,0.8,0.7,0.0,8.0,0.2,-6.2,1.0,0.1,104.0,4.0,0.8
Lambada - Original Version 1989,67.0,207466.0,0.2,0.8,0.8,0.0,5.0,0.0,-5.2,1.0,0.0,118.9,4.0,1.0
La Camisa Negra,29.0,216706.0,0.1,0.8,0.7,0.0,6.0,0.1,-4.4,0.0,0.0,97.0,4.0,1.0
La Gota Fría,66.0,215493.0,0.1,0.7,0.8,0.0,1.0,0.2,-10.2,1.0,0.1,100.8,4.0,1.0
Suavemente,63.0,267000.0,0.3,0.8,0.9,0.0,8.0,0.0,-3.0,1.0,0.1,124.1,4.0,0.9
Bailando - Spanish Version,71.0,243413.0,0.0,0.7,0.8,0.0,7.0,0.0,-3.5,1.0,0.1,91.0,4.0,1.0
Danza Kuduro,71.0,198786.0,0.1,0.7,0.9,0.0,0.0,0.1,-4.9,1.0,0.1,130.0,4.0,0.9
Conga,59.0,252933.0,0.1,0.8,0.9,0.1,2.0,0.1,-7.2,1.0,0.0,123.2,4.0,0.9
La Bilirrubina - En Vivo Estadio Olímpico De República Dominicana/2012,66.0,232880.0,0.6,0.6,1.0,0.0,1.0,0.3,-3.6,1.0,0.1,138.3,4.0,0.8
Guantanamera,58.0,199316.0,0.8,0.7,0.6,0.0,10.0,0.1,-5.2,1.0,0.0,143.5,4.0,0.9
El Matador,11.0,277600.0,0.0,0.6,0.9,0.0,4.0,0.1,-9.5,0.0,0.1,193.5,4.0,0.6
Amor Prohibido,61.0,164120.0,0.5,0.5,0.7,0.0,7.0,0.1,-6.1,1.0,0.0,179.8,4.0,0.8
Mi Gente,77.0,189440.0,0.0,0.8,0.7,0.0,11.0,0.1,-4.8,0.0,0.1,105.0,4.0,0.3
Obsesion,74.0,254720.0,0.4,0.8,0.6,0.0,1.0,0.1,-6.9,0.0,0.0,133.7,4.0,0.8
Let's Get Loud,70.0,239400.0,0.1,0.8,0.9,0.0,5.0,0.4,-4.8,0.0,0.1,131.0,4.0,0.9
Oye Como Va,56.0,272546.0,0.7,0.7,0.7,0.1,7.0,0.1,-6.9,1.0,0.0,124.1,4.0,1.0
Despacito (Featuring Daddy Yankee),80.0,228200.0,0.2,0.7,0.8,0.0,2.0,0.1,-4.8,1.0,0.1,177.9,4.0,0.9
Bamboleo,54.0,203173.0,0.4,0.7,0.9,0.0,6.0,0.1,-9.3,0.0,0.1,119.6,4.0,0.9
Pedro Navaja,60.0,443480.0,0.8,0.6,0.6,0.0,11.0,0.3,-6.6,0.0,0.1,93.7,4.0,0.8
Gasolina,77.0,192600.0,0.3,0.9,0.8,0.0,0.0,0.1,-6.5,1.0,0.1,96.0,4.0,0.8
Mambo No 5,52.0,162213.0,0.3,0.8,0.4,0.8,5.0,0.0,-17.8,0.0,0.2,90.1,4.0,0.8
De Música Ligera,51.0,212893.0,0.0,0.5,0.7,0.3,2.0,0.3,-8.0,1.0,0.0,124.3,4.0,0.8
Macarena,62.0,249506.0,0.4,0.9,0.7,0.0,8.0,0.0,-12.6,1.0,0.1,103.0,4.0,1.0
La Bamba,57.0,172733.0,0.1,0.3,0.8,0.0,0.0,0.2,-12.8,1.0,0.0,156.5,4.0,0.9
Querida,4.0,319560.0,0.3,0.5,0.5,0.0,2.0,0.1,-6.4,1.0,0.0,90.0,4.0,0.4
Maria Maria - Radio Mix,56.0,262160.0,0.0,0.8,0.6,0.0,2.0,0.0,-5.3,1.0,0.1,97.9,4.0,0.7
La ingrata,65.0,212000.0,0.1,0.7,0.8,0.0,7.0,0.0,-5.7,1.0,0.0,142.9,4.0,0.9
Corazón partio,74.0,343413.0,0.2,0.6,0.8,0.0,0.0,0.1,-6.7,1.0,0.0,160.1,4.0,0.8
I Know You Want Me (Calle Ocho),7.0,238680.0,0.0,0.8,0.8,0.0,2.0,0.2,-5.4,1.0,0.2,127.1,4.0,0.8
Livin' la Vida Loca,73.0,243160.0,0.0,0.4,1.0,0.0,1.0,0.1,-3.8,0.0,0.0,178.0,4.0,0.9
Rebelión,43.0,378373.0,0.1,0.6,0.7,0.0,10.0,0.3,-8.5,0.0,0.1,106.8,4.0,0.8
La Maza,58.0,351400.0,0.7,0.6,0.3,0.0,9.0,0.2,-17.7,0.0,0.3,170.6,3.0,0.4
Amor Eterno,59.0,408440.0,0.4,0.3,0.3,0.0,0.0,0.8,-8.6,1.0,0.0,176.6,4.0,0.4
Besame Mucho,7.0,181960.0,0.7,0.7,0.4,0.0,5.0,0.1,-12.8,0.0,0.0,126.4,4.0,0.8
Mais Que Nada,52.0,159466.0,0.5,0.7,0.5,0.0,0.0,0.2,-13.1,0.0,0.0,89.0,4.0,0.9
El Cantante,58.0,622520.0,0.4,0.5,0.7,0.0,7.0,0.1,-4.9,0.0,0.0,95.8,4.0,0.7
Chan Chan,7.0,257213.0,0.8,0.5,0.4,0.0,2.0,0.1,-14.2,0.0,0.0,82.8,4.0,0.7
Amigo,41.0,208866.0,0.3,0.6,0.5,0.0,11.0,0.1,-13.5,0.0,0.1,145.3,4.0,0.9
The Girl From Ipanema - Stereo Version,50.0,325506.0,0.9,0.7,0.1,0.0,5.0,0.1,-19.2,0.0,0.0,129.9,4.0,0.4
Oye Mi Amor,63.0,263306.0,0.0,0.5,0.9,0.0,11.0,0.1,-6.7,0.0,0.0,162.2,4.0,1.0
Latinoamérica,68.0,301426.0,0.6,0.7,0.8,0.0,2.0,0.1,-6.8,0.0,0.1,142.5,3.0,0.9
"Soy un Truhán, Soy un Señor",50.0,183546.0,0.6,0.6,0.7,0.0,0.0,0.4,-5.2,1.0,0.0,98.9,4.0,0.7
Mediterraneo,60.0,205226.0,0.6,0.5,0.6,0.0,9.0,0.1,-7.3,0.0,0.1,100.8,3.0,0.6
Gracias a la Vida,52.0,278040.0,0.8,0.6,0.1,0.0,0.0,0.1,-16.8,1.0,0.1,119.2,4.0,0.3
La Cumparsita,42.0,193800.0,0.9,0.6,0.3,0.6,7.0,0.1,-13.8,1.0,0.1,118.3,4.0,0.4
Paloma negra,50.0,195533.0,0.9,0.4,0.3,0.0,2.0,0.2,-6.9,1.0,0.0,80.3,1.0,0.4
El Rey,40.0,128386.0,0.4,0.3,0.6,0.0,9.0,0.3,-5.8,1.0,0.1,183.1,4.0,0.9
Feliz Navidad,57.0,182226.0,0.5,0.5,0.8,0.0,2.0,0.3,-8.7,1.0,0.0,148.8,4.0,1.0
All Along the Watchtower,78.0,240800.0,0.0,0.4,0.8,0.0,8.0,0.1,-6.2,1.0,0.1,113.3,4.0,0.6
My Generation - Stereo Version,69.0,198706.0,0.3,0.4,0.8,0.0,2.0,0.1,-9.2,0.0,0.1,96.3,4.0,0.6
(I Can't Get No) Satisfaction,48.0,222746.0,0.0,0.7,0.8,0.1,2.0,0.1,-8.6,1.0,0.0,135.6,4.0,0.9
"Hello, I Love You",63.0,133200.0,0.0,0.6,0.6,0.0,11.0,0.1,-14.1,0.0,0.0,117.8,4.0,1.0
Whole Lotta Love,77.0,333893.0,0.0,0.4,0.9,0.1,9.0,0.4,-11.6,1.0,0.4,89.7,4.0,0.4
Hey Jude - Remastered 2015,77.0,425653.0,0.0,0.4,0.6,0.0,10.0,0.1,-7.7,1.0,0.0,147.2,4.0,0.5
White Room,71.0,303200.0,0.2,0.5,0.6,0.0,2.0,0.1,-13.4,0.0,0.0,109.8,4.0,0.5
You Really Got Me - Mono Mix,71.0,134253.0,0.5,0.6,0.9,0.0,8.0,0.1,-6.4,1.0,0.1,137.4,4.0,1.0
Surfin' U.S.A. - Remastered,70.0,149373.0,0.7,0.6,0.9,0.0,3.0,0.1,-6.0,1.0,0.0,159.2,4.0,1.0
"Oh, Pretty Woman",71.0,178933.0,0.7,0.6,0.6,0.0,9.0,0.1,-9.5,1.0,0.0,127.4,4.0,1.0
Back In The U.S.S.R. - 2018 Mix,61.0,163466.0,0.0,0.5,0.9,0.0,9.0,0.2,-9.3,1.0,0.0,142.7,4.0,0.9
For What It's Worth,75.0,153693.0,0.4,0.7,0.5,0.0,2.0,0.1,-10.2,1.0,0.0,98.9,4.0,0.8
Fortunate Son,81.0,140773.0,0.2,0.6,0.7,0.0,0.0,0.2,-7.5,1.0,0.0,132.8,4.0,0.7
Born To Be Wild - Single Version,67.0,212893.0,0.3,0.4,0.7,0.3,2.0,0.2,-12.1,1.0,0.1,145.9,4.0,0.5
House Of The Rising Sun,70.0,271280.0,0.0,0.3,0.6,0.2,9.0,0.1,-6.7,0.0,0.0,117.2,3.0,0.2
Louie Louie,68.0,165381.0,0.1,0.6,0.7,0.0,1.0,0.1,-9.8,0.0,0.1,122.4,4.0,0.9
I Heard It Through The Grapevine - Single Version (Mono),61.0,193493.0,0.3,0.7,0.5,0.0,11.0,0.1,-6.2,1.0,0.0,118.4,4.0,0.7
Crimson And Clover - Single Version,56.0,208666.0,0.3,0.4,0.6,0.0,11.0,0.2,-12.3,1.0,0.1,85.8,4.0,0.7
Evil Ways,59.0,238266.0,0.2,0.7,0.5,0.4,5.0,0.1,-13.4,1.0,0.0,117.5,4.0,0.7
Purple Haze,71.0,170813.0,0.0,0.5,0.9,0.6,2.0,0.1,-5.3,1.0,0.1,108.9,4.0,0.5
California Dreamin' - Single Version,73.0,162373.0,0.4,0.6,0.6,0.0,1.0,0.1,-9.8,0.0,0.0,112.4,4.0,0.7
Like a Rolling Stone,72.0,369600.0,0.7,0.5,0.7,0.0,0.0,0.2,-6.8,1.0,0.0,95.3,4.0,0.6
Suite: Judy Blue Eyes - Remastered,64.0,444053.0,0.5,0.5,0.4,0.0,9.0,0.2,-13.1,1.0,0.0,154.2,4.0,0.3
Turn! Turn! Turn! (To Everything There Is a Season),65.0,229360.0,0.1,0.5,0.8,0.0,2.0,0.1,-8.1,1.0,0.0,124.5,4.0,0.8
I Saw Her Standing There - Remastered 2009,68.0,173946.0,0.3,0.5,0.8,0.0,4.0,0.1,-9.8,1.0,0.0,160.1,4.0,1.0
Light My Fire,71.0,429760.0,0.4,0.4,0.7,0.0,3.0,0.1,-5.8,0.0,0.0,124.6,4.0,0.4
Pinball Wizard,69.0,180943.0,0.0,0.5,0.7,0.0,2.0,0.2,-8.8,1.0,0.0,122.9,4.0,0.5
The Sounds of Silence,54.0,184880.0,0.2,0.4,0.4,0.0,6.0,0.3,-13.9,1.0,0.0,107.4,4.0,0.5
Green Onions,66.0,176333.0,0.8,0.8,0.5,0.9,10.0,0.1,-8.7,1.0,0.0,136.8,4.0,0.9
Sweet Caroline - Single Version,58.0,201800.0,0.5,0.6,0.2,0.0,11.0,0.3,-13.9,1.0,0.0,126.5,4.0,0.6
Good Lovin' - Single Version,52.0,150906.0,0.0,0.3,0.5,0.0,2.0,0.3,-13.3,1.0,0.0,196.5,4.0,0.8
The Twist,60.0,153760.0,0.2,0.5,0.6,0.0,4.0,0.1,-7.1,1.0,0.0,156.7,4.0,0.9
Sunshine Of Your Love,72.0,250000.0,0.5,0.7,0.5,0.0,2.0,0.1,-12.6,1.0,0.0,115.1,4.0,0.8
Hit the Road Jack,13.0,120173.0,0.7,0.6,0.7,0.0,8.0,0.5,-8.6,0.0,0.2,173.0,4.0,1.0
Proud Mary,30.0,187213.0,0.1,0.7,0.6,0.0,2.0,0.1,-7.6,1.0,0.0,120.7,4.0,0.7
Dazed And Confused,63.0,386373.0,0.0,0.3,0.6,0.0,2.0,0.1,-9.5,1.0,0.0,86.8,3.0,0.4
Summertime Blues,37.0,226906.0,0.5,0.5,0.5,0.0,7.0,0.3,-9.7,0.0,0.1,138.4,4.0,0.7
I Want To Hold Your Hand - Remastered 2015,74.0,145746.0,0.4,0.5,0.7,0.0,7.0,0.3,-5.5,1.0,0.0,130.7,4.0,0.9
Runaround Sue,64.0,171600.0,0.5,0.4,0.6,0.0,2.0,0.3,-9.8,1.0,0.1,80.0,4.0,0.6
All Day and All of the Night - 2014 Remastered Version,38.0,142480.0,0.5,0.6,1.0,0.0,7.0,0.1,-2.8,1.0,0.1,136.9,4.0,0.7
River Deep - Mountain High,51.0,214880.0,0.8,0.4,0.8,0.0,3.0,0.1,-6.8,1.0,0.0,83.9,4.0,0.3
Summer in the City - Remastered,63.0,160306.0,0.1,0.4,0.7,0.0,10.0,0.1,-9.8,1.0,0.0,110.5,4.0,0.6
Jumpin' Jack Flash - Mono / Remastered,21.0,219466.0,0.0,0.6,0.9,0.7,3.0,0.1,-7.3,1.0,0.0,137.4,4.0,0.7
Foxey Lady,62.0,198773.0,0.1,0.5,0.8,0.2,1.0,0.4,-6.0,0.0,0.0,98.1,4.0,0.6
Somebody to Love,69.0,174840.0,0.4,0.5,0.6,0.0,4.0,0.3,-9.3,1.0,0.0,132.4,4.0,0.7
Time Has Come Today,53.0,290933.0,0.0,0.5,0.5,0.1,2.0,0.1,-11.9,1.0,0.1,122.9,4.0,0.4
Heart Full of Soul,63.0,147893.0,0.2,0.5,0.7,0.0,9.0,0.0,-9.7,0.0,0.0,140.8,4.0,0.7
Do You Believe in Magic?,66.0,125826.0,0.2,0.6,0.7,0.0,0.0,0.3,-8.0,1.0,0.0,138.6,4.0,0.8
"Paint It, Black - Mono",67.0,204480.0,0.0,0.5,0.8,0.1,5.0,0.3,-7.4,0.0,0.1,159.7,4.0,0.8
Good Vibrations - Remastered,70.0,219026.0,0.3,0.4,0.5,0.0,10.0,0.1,-7.7,0.0,0.0,133.4,4.0,0.4
Psychotic Reaction,55.0,185523.0,0.0,0.3,0.8,0.0,11.0,0.3,-6.6,1.0,0.1,165.0,4.0,0.7
Yesterday - Remastered 2009,74.0,125666.0,0.9,0.3,0.2,0.0,5.0,0.1,-11.8,1.0,0.0,96.5,4.0,0.3
Nights In White Satin - Single Version / Mono Mix,66.0,269106.0,0.5,0.2,0.5,0.5,4.0,0.1,-5.0,0.0,0.0,84.7,4.0,0.2
Space Oddity - 2015 Remastered Version,72.0,318813.0,0.1,0.3,0.4,0.0,0.0,0.2,-12.6,1.0,0.0,139.5,4.0,0.4
Magic Carpet Ride,68.0,271573.0,0.1,0.6,0.7,0.3,4.0,0.0,-15.0,0.0,0.1,111.7,4.0,0.8
Needles and Pins - Mono,58.0,131360.0,0.1,0.6,1.0,0.0,9.0,0.1,-6.5,1.0,0.0,124.3,4.0,0.9
The Weight - Remastered,55.0,278626.0,0.2,0.6,0.5,0.0,9.0,0.1,-11.0,1.0,0.1,143.9,4.0,0.5
Bring It On Home to Me,71.0,162533.0,0.8,0.5,0.4,0.0,0.0,0.4,-8.2,1.0,0.0,70.9,4.0,0.7
Bad Moon Rising,71.0,141600.0,0.1,0.6,0.8,0.0,2.0,0.0,-5.9,1.0,0.0,89.8,4.0,0.9
Crying,59.0,166466.0,0.8,0.4,0.3,0.0,2.0,0.1,-9.5,1.0,0.0,96.7,4.0,0.2
Revolution - Remastered,67.0,205293.0,0.1,0.4,0.8,0.0,6.0,0.2,-9.2,1.0,0.2,121.4,4.0,0.7
Shop Around,54.0,170760.0,0.8,0.6,0.7,0.0,7.0,0.8,-4.5,1.0,0.0,132.1,4.0,0.9
I Fought The Law,57.0,138360.0,0.1,0.6,0.8,0.0,7.0,0.0,-5.5,1.0,0.0,149.0,4.0,1.0
The Times They Are A-Changin',70.0,192053.0,0.9,0.4,0.4,0.0,7.0,0.1,-8.0,1.0,0.0,171.9,3.0,0.6
Honky Tonk Women,57.0,179386.0,0.4,0.6,0.8,0.0,7.0,0.2,-6.6,1.0,0.1,119.5,4.0,1.0
The End - Remastered,49.0,710826.0,0.3,0.4,0.2,0.0,0.0,0.1,-17.3,1.0,0.0,104.6,4.0,0.0
She Loves You - Mono / Remastered,67.0,140920.0,0.3,0.4,0.9,0.0,4.0,0.1,-3.2,0.0,0.0,75.5,4.0,0.9
Heartbreaker,64.0,254133.0,0.1,0.4,0.7,0.5,9.0,0.1,-9.4,1.0,0.1,97.2,4.0,0.7
Brown Eyed Girl,80.0,183306.0,0.2,0.5,0.6,0.0,7.0,0.4,-11.0,1.0,0.0,150.6,4.0,0.9
Gimme Shelter,75.0,270773.0,0.4,0.6,0.6,0.0,1.0,0.2,-8.3,0.0,0.0,118.6,4.0,0.5
Touch Me,63.0,190253.0,0.4,0.4,0.9,0.0,1.0,0.1,-4.8,1.0,0.1,108.7,4.0,0.8
Surf City - Remastered 1990 / Stereo Remix,47.0,163026.0,0.6,0.5,0.6,0.0,8.0,0.3,-13.9,1.0,0.0,147.9,4.0,0.9
White Rabbit,70.0,150640.0,0.5,0.6,0.3,0.0,2.0,0.1,-12.5,1.0,0.0,106.8,4.0,0.3
Green River,60.0,154120.0,0.0,0.7,0.8,0.0,9.0,0.1,-9.6,1.0,0.0,141.7,4.0,1.0
I Get Around (Mono) - Mono,66.0,134386.0,0.4,0.4,0.6,0.0,9.0,0.1,-7.8,0.0,0.1,144.3,4.0,0.5
Mr. Tambourine Man,61.0,149466.0,0.5,0.5,0.5,0.0,2.0,0.4,-9.6,1.0,0.0,120.3,4.0,0.6
With A Little Help From My Friends - Remastered 2009,67.0,164106.0,0.4,0.7,0.5,0.0,4.0,0.4,-9.3,1.0,0.0,112.0,4.0,0.8
Hush - 2014 Remastered Version,38.0,252040.0,0.0,0.6,0.7,0.7,5.0,0.1,-11.3,1.0,0.0,109.3,4.0,0.5
For Your Love,53.0,149733.0,0.4,0.3,0.7,0.0,2.0,0.1,-8.6,1.0,0.0,127.1,5.0,0.6
Street Fighting Man,58.0,194733.0,0.0,0.6,0.8,0.0,0.0,0.2,-9.9,1.0,0.0,128.0,4.0,0.7
Blowin' In the Wind,68.0,165426.0,0.9,0.4,0.1,0.0,2.0,0.1,-20.6,1.0,0.1,174.9,4.0,0.4
In My Room - Remastered,50.0,134133.0,0.2,0.3,0.4,0.0,11.0,0.1,-9.6,1.0,0.0,102.9,3.0,0.5
I'm A Man,14.0,176160.0,0.0,0.6,0.9,0.0,9.0,0.1,-5.8,1.0,0.1,129.0,4.0,0.6
Gloria - Stereo Version,52.0,156106.0,0.5,0.6,0.8,0.0,9.0,0.2,-6.7,1.0,0.0,129.4,4.0,0.7
Itchycoo Park,49.0,172746.0,0.4,0.6,0.6,0.0,9.0,0.5,-8.0,1.0,0.1,128.2,4.0,0.5
Wild Thing,54.0,158250.0,0.7,0.4,0.7,0.0,11.0,0.1,-10.7,0.0,0.1,201.6,4.0,0.6
Care Of Cell 44,52.0,235826.0,0.3,0.4,0.6,0.0,7.0,0.1,-7.0,1.0,0.0,130.0,4.0,0.4
See Emily Play - 2016 Remastered Version,33.0,174573.0,0.2,0.4,0.8,0.0,2.0,0.1,-7.0,1.0,0.0,123.7,4.0,0.4
Alone Again Or - 2015 Remastered Version,58.0,197274.0,0.7,0.3,0.3,0.0,11.0,0.1,-15.6,0.0,0.0,174.3,4.0,0.2
Psychotic Reaction - Rarities Version,8.0,189848.0,0.0,0.4,0.8,0.0,11.0,0.2,-6.3,1.0,0.1,165.2,4.0,0.7
Slip Inside This House - Stereo LP Version,43.0,482278.0,0.1,0.6,0.7,0.0,9.0,0.1,-8.5,0.0,0.0,127.4,4.0,0.6
I Had Too Much To Dream (Last Night),49.0,178266.0,0.4,0.3,0.7,0.0,2.0,0.3,-8.0,0.0,0.0,147.6,4.0,0.4
96 Tears,30.0,177426.0,0.1,0.7,0.5,0.0,7.0,0.1,-5.9,1.0,0.0,123.5,4.0,0.9
Have Love Will Travel,55.0,160400.0,0.7,0.5,0.9,0.0,10.0,0.1,-5.6,1.0,0.1,130.2,4.0,0.9
Kick out the Jams,40.0,181760.0,0.1,0.3,0.8,0.2,1.0,0.4,-11.9,1.0,0.1,142.6,4.0,0.6
I Hate You,42.0,213706.0,0.4,0.7,0.8,0.0,9.0,0.1,-8.1,0.0,0.1,110.6,4.0,0.5
I Wanna Be Your Dog,62.0,188560.0,0.0,0.5,0.9,0.2,4.0,0.4,-8.7,1.0,0.0,120.7,4.0,0.1
I'm Waiting For The Man - Album Version (Stereo),16.0,279520.0,0.0,0.7,0.6,0.9,7.0,0.2,-9.7,1.0,0.0,125.9,4.0,0.9
Eight Miles High,56.0,214640.0,0.2,0.4,0.8,0.1,9.0,0.5,-10.5,1.0,0.1,130.6,4.0,0.4
Wipe Out,42.0,166092.0,0.1,0.5,1.0,0.5,11.0,1.0,-6.7,1.0,0.0,160.1,4.0,0.7
More Than Words,69.0,334106.0,0.5,0.6,0.1,0.0,6.0,0.1,-14.9,1.0,0.0,91.8,4.0,0.2
Free Fallin',73.0,256000.0,0.2,0.6,0.4,0.0,5.0,0.1,-13.2,1.0,0.0,84.4,4.0,0.6
Landslide,77.0,199493.0,0.9,0.4,0.2,0.0,7.0,0.1,-22.3,0.0,0.0,159.4,4.0,0.4
Lean on Me,69.0,258834.0,0.8,0.6,0.2,0.0,0.0,0.1,-13.8,1.0,0.1,75.2,4.0,0.4
Hotel California - Remastered,83.0,391376.0,0.0,0.6,0.5,0.0,2.0,0.1,-9.5,1.0,0.0,147.1,4.0,0.6
Fast Car,79.0,296800.0,0.3,0.7,0.3,0.0,4.0,0.1,-15.5,0.0,0.0,104.0,4.0,0.2
You're So Vain,74.0,258411.0,0.2,0.7,0.7,0.0,0.0,0.1,-8.2,1.0,0.0,106.2,4.0,0.6
Dust in the Wind,76.0,206266.0,0.4,0.5,0.3,0.0,7.0,0.1,-10.7,1.0,0.0,93.5,4.0,0.4
Ooh La La,64.0,214080.0,0.6,0.6,0.6,0.0,2.0,0.2,-8.2,1.0,0.0,148.0,4.0,0.8
You've Got A Friend,53.0,268706.0,0.7,0.7,0.3,0.0,9.0,0.1,-15.4,1.0,0.0,91.7,4.0,0.4
Redemption Song,71.0,233560.0,0.6,0.7,0.2,0.0,0.0,0.1,-10.5,1.0,0.0,116.0,4.0,0.6
Crazy Love,54.0,155453.0,0.8,0.6,0.2,0.0,9.0,0.2,-18.8,1.0,0.1,77.5,4.0,0.3
I'm on Fire,72.0,155880.0,0.6,0.6,0.4,0.0,1.0,0.1,-14.5,0.0,0.0,88.6,4.0,0.9
Heart Of Gold,70.0,187013.0,0.2,0.5,0.5,0.0,4.0,0.1,-10.4,0.0,0.0,171.2,4.0,0.8
Wildflowers - Remastered,13.0,216573.0,0.8,0.6,0.4,0.0,10.0,0.3,-13.3,1.0,0.0,90.4,4.0,0.6
"Rocket Man (I Think It's Going To Be A Long, Long Time)",80.0,281613.0,0.4,0.6,0.5,0.0,10.0,0.1,-9.0,1.0,0.0,136.6,4.0,0.4
In The Air Tonight - 2015 Remastered,77.0,336453.0,0.6,0.4,0.2,0.0,0.0,0.1,-13.9,1.0,0.0,189.5,4.0,0.3
Wicked Game - Remastered,65.0,286880.0,0.7,0.7,0.6,0.0,9.0,0.1,-7.7,1.0,0.0,112.5,4.0,0.3
Hallelujah,64.0,277160.0,0.7,0.3,0.3,0.0,0.0,0.1,-12.6,1.0,0.0,171.1,3.0,0.2
My Sweet Lord,78.0,281226.0,0.1,0.5,0.7,0.0,1.0,0.1,-8.9,0.0,0.0,121.0,4.0,0.6
A Horse with No Name,77.0,252239.0,0.7,0.7,0.5,0.0,11.0,0.2,-17.2,0.0,0.1,123.2,4.0,0.8
Jolene,76.0,161533.0,0.6,0.7,0.5,0.0,1.0,0.1,-11.0,0.0,0.0,110.6,4.0,0.8
Let It Be - Remastered 2009,78.0,243026.0,0.6,0.4,0.4,0.0,0.0,0.1,-8.3,1.0,0.0,143.5,4.0,0.4
Maggie May,34.0,350266.0,0.6,0.6,0.6,0.1,2.0,0.1,-10.5,1.0,0.0,129.4,4.0,0.5
Me and Julio Down by the Schoolyard,71.0,164813.0,0.2,0.6,0.8,0.0,9.0,0.1,-10.6,1.0,0.1,105.3,4.0,0.8
Where You Lead,62.0,200146.0,0.8,0.8,0.5,0.0,0.0,0.1,-10.4,1.0,0.0,107.0,4.0,0.9
Me and Bobby McGee,69.0,271333.0,0.3,0.5,0.5,0.0,2.0,0.2,-11.0,1.0,0.0,93.2,4.0,0.7
If You Could Read My Mind,60.0,229560.0,0.7,0.6,0.3,0.0,2.0,0.1,-12.4,1.0,0.0,122.6,4.0,0.2
Pink Moon,64.0,123173.0,0.9,0.5,0.3,0.2,3.0,0.1,-15.4,1.0,0.1,82.3,4.0,0.5
Walkin' Back to Georgia,59.0,170759.0,0.6,0.7,0.5,0.0,6.0,0.1,-10.1,0.0,0.0,127.3,4.0,0.8
Going To California,55.0,212160.0,0.9,0.5,0.3,0.0,2.0,0.1,-15.9,1.0,0.0,78.0,4.0,0.5
"My My, Hey Hey (Out of the Blue)",67.0,227705.0,0.9,0.5,0.4,0.0,7.0,0.3,-13.7,0.0,0.0,127.2,4.0,0.4
I Walk the Line,71.0,176533.0,0.9,0.7,0.3,0.0,9.0,0.1,-14.6,1.0,0.0,98.8,4.0,0.6
Across The Universe - Remastered 2009,66.0,228133.0,0.4,0.3,0.4,0.0,1.0,0.1,-11.8,1.0,0.0,152.1,4.0,0.9
Wild World,75.0,200160.0,0.4,0.5,0.5,0.0,0.0,0.1,-9.4,1.0,0.0,151.9,4.0,0.6
California,62.0,230226.0,0.9,0.5,0.3,0.0,4.0,0.1,-9.0,1.0,0.0,70.9,3.0,0.8
"Dreams (Sessions, Roughs & Outtakes) - 2004 Remastered Edition",49.0,261546.0,0.4,0.9,0.3,0.0,0.0,0.1,-14.4,1.0,0.0,119.5,4.0,0.6
Tangled up in Blue,63.0,341626.0,0.4,0.4,0.7,0.0,9.0,0.1,-13.1,1.0,0.0,101.0,4.0,0.6
Imagine - Remastered 2010,77.0,187866.0,0.9,0.5,0.3,0.2,0.0,0.1,-12.4,1.0,0.0,75.8,4.0,0.2
Maybe I’m Amazed - Remastered 2011,65.0,229826.0,0.4,0.5,0.5,0.1,7.0,0.6,-10.4,1.0,0.0,79.3,4.0,0.4
Tom's Diner,46.0,129106.0,0.6,0.7,0.2,0.0,1.0,0.2,-22.0,0.0,0.9,96.6,4.0,0.4
Easy,58.0,260893.0,0.2,0.6,0.4,0.0,10.0,0.1,-13.6,0.0,0.0,132.1,4.0,0.3
Up Where We Belong,62.0,233240.0,0.6,0.6,0.4,0.0,2.0,0.1,-8.7,1.0,0.0,139.1,4.0,0.4
Life On Mars? - 2015 Remastered Version,71.0,235986.0,0.6,0.4,0.4,0.0,10.0,0.1,-14.6,1.0,0.0,123.3,4.0,0.2
Personal Jesus - Acoustic Version,45.0,207866.0,0.9,0.7,0.3,0.3,9.0,0.1,-16.3,0.0,0.0,138.2,4.0,0.3
Wuthering Heights,66.0,269066.0,0.4,0.5,0.4,0.0,1.0,0.1,-11.4,1.0,0.0,124.6,4.0,0.5
Stuck In The Middle With You - Remastered,63.0,201334.0,0.1,0.8,0.5,0.4,7.0,0.1,-11.8,1.0,0.0,125.0,4.0,1.0
Just The Two Of Us (feat. Bill Withers),65.0,237106.0,0.6,0.8,0.5,0.1,1.0,0.1,-9.3,1.0,0.1,95.8,4.0,0.6
(You Make Me Feel Like) A Natural Woman,62.0,229066.0,1.0,0.6,0.2,0.0,9.0,0.1,-13.1,1.0,0.0,85.5,3.0,0.3
Cecilia,68.0,174826.0,0.4,0.8,0.9,0.0,0.0,0.2,-8.9,1.0,0.0,102.8,4.0,1.0
Our House,67.0,179760.0,0.9,0.6,0.2,0.0,9.0,0.1,-14.6,1.0,0.0,140.3,4.0,0.4
And It Stoned Me,50.0,272160.0,0.4,0.6,0.5,0.0,7.0,0.1,-11.2,1.0,0.0,75.8,4.0,0.6
Famous Blue Raincoat,58.0,310773.0,0.9,0.5,0.0,0.0,9.0,0.1,-22.2,0.0,0.0,119.4,3.0,0.2
All Things Must Pass,59.0,226866.0,0.5,0.5,0.6,0.0,9.0,0.1,-8.2,1.0,0.0,122.5,4.0,0.4
Stand By Me - Remastered,63.0,211666.0,0.3,0.6,0.6,0.0,9.0,0.1,-10.1,1.0,0.0,105.0,4.0,0.6
"Baby, I Love Your Way",50.0,309760.0,0.6,0.7,0.2,0.0,0.0,0.1,-12.8,1.0,0.0,132.2,4.0,0.3
Solsbury Hill,21.0,262600.0,0.4,0.7,0.6,0.0,11.0,0.4,-8.9,1.0,0.0,102.2,1.0,0.5
Boulder To Birmingham - Remastered,48.0,213026.0,0.8,0.5,0.3,0.0,10.0,0.1,-11.0,1.0,0.0,126.5,4.0,0.3
Something On Your Mind,53.0,203333.0,0.6,0.4,0.6,0.0,2.0,0.1,-8.5,1.0,0.0,76.4,4.0,0.3
You're The Inspiration - 2006 Remastered Version,72.0,229240.0,0.4,0.6,0.6,0.0,11.0,0.2,-6.4,1.0,0.0,74.0,4.0,0.4
Ripple,44.0,250333.0,0.3,0.6,0.4,0.0,7.0,0.3,-15.5,1.0,0.0,125.8,4.0,0.8
You Are So Beautiful,53.0,159640.0,0.8,0.4,0.2,0.0,1.0,0.1,-10.8,1.0,0.0,121.7,4.0,0.1
Blue Bayou,63.0,239399.0,0.7,0.7,0.2,0.0,11.0,0.1,-12.8,1.0,0.0,95.2,4.0,0.5
Bohemian Rhapsody - Remastered 2011,59.0,354320.0,0.3,0.4,0.4,0.0,0.0,0.2,-10.0,0.0,0.1,143.9,4.0,0.2
Stairway To Heaven,80.0,482830.0,0.6,0.3,0.3,0.0,9.0,0.1,-12.0,0.0,0.0,82.4,4.0,0.2
London Calling - Remastered,71.0,200480.0,0.1,0.7,0.8,0.0,0.0,0.1,-7.3,1.0,0.1,133.8,4.0,0.8
Riders On The Storm,74.0,434720.0,0.3,0.5,0.7,0.0,11.0,0.1,-11.7,0.0,0.0,103.9,4.0,0.7
Rock And Roll All Nite,74.0,168826.0,0.1,0.7,0.9,0.0,1.0,0.0,-5.8,1.0,0.1,144.8,4.0,0.9
Who Are You,63.0,381626.0,0.3,0.7,0.6,0.0,9.0,0.1,-11.3,1.0,0.0,156.3,4.0,0.5
Changes - 2015 Remastered Version,65.0,217746.0,0.5,0.5,0.3,0.0,0.0,0.1,-11.8,1.0,0.0,114.7,4.0,0.4
Who'll Stop The Rain,66.0,147493.0,0.0,0.6,0.8,0.0,7.0,0.1,-6.8,1.0,0.0,123.6,4.0,0.6
Wild Horses,68.0,341773.0,0.7,0.4,0.4,0.0,7.0,0.1,-6.5,1.0,0.0,74.4,4.0,0.2
Dream On,79.0,266960.0,0.4,0.3,0.4,0.0,1.0,0.3,-10.1,1.0,0.0,160.9,4.0,0.2
Roxanne - Remastered 2003,68.0,191946.0,0.0,0.6,0.7,0.0,0.0,0.0,-8.9,1.0,0.4,134.0,4.0,0.7
Highway to Hell,83.0,208400.0,0.1,0.6,0.9,0.0,6.0,0.2,-4.8,0.0,0.1,115.7,4.0,0.4
Bang a Gong (Get It On) - Remastered Version,62.0,267000.0,0.2,0.7,0.8,0.3,2.0,0.2,-10.0,1.0,0.1,125.8,4.0,0.9
Smoke On the Water,63.0,342173.0,0.1,0.6,0.6,0.6,0.0,0.1,-11.3,1.0,0.0,114.2,4.0,0.9
Black Magic Woman,64.0,196466.0,0.7,0.5,0.3,0.1,2.0,0.1,-14.3,0.0,0.0,124.3,4.0,0.6
Message In A Bottle - Remastered 2003,67.0,290280.0,0.0,0.6,0.8,0.0,1.0,0.2,-7.0,0.0,0.0,151.0,4.0,0.9
Free Bird,71.0,547106.0,0.1,0.3,0.8,0.0,0.0,0.1,-8.1,1.0,0.1,118.2,4.0,0.4
Cocaine,69.0,221640.0,0.1,0.7,0.5,0.0,9.0,0.3,-12.5,1.0,0.0,105.3,4.0,0.7
Lola - Coca Cola Version,67.0,241040.0,0.6,0.5,0.9,0.2,9.0,0.2,-4.2,1.0,0.0,152.1,4.0,0.9
Black Dog,72.0,295386.0,0.4,0.4,0.9,0.0,4.0,0.2,-7.8,0.0,0.1,81.4,4.0,0.7
Blitzkrieg Bop - 2016 Remastered Version,70.0,134466.0,0.0,0.4,0.8,0.5,9.0,0.1,-2.5,1.0,0.2,176.7,4.0,0.9
I Want You to Want Me,66.0,191226.0,0.8,0.8,0.5,0.0,2.0,0.2,-12.8,1.0,0.0,92.7,4.0,0.7
Black Diamond,52.0,313466.0,0.1,0.3,0.6,0.0,8.0,0.1,-9.5,0.0,0.1,132.9,4.0,0.1
Blinded By The Light,63.0,428133.0,0.3,0.5,0.7,0.0,5.0,0.1,-10.0,1.0,0.1,142.2,4.0,0.5
American Girl,72.0,214733.0,0.4,0.6,0.8,0.0,2.0,0.4,-6.0,1.0,0.0,114.5,4.0,0.8
Brain Damage,67.0,226666.0,0.1,0.3,0.3,0.3,2.0,0.4,-13.4,1.0,0.0,133.6,4.0,0.2
Comfortably Numb,75.0,382296.0,0.2,0.5,0.4,0.3,11.0,0.1,-12.6,0.0,0.0,127.2,4.0,0.2
Born to Run,71.0,269920.0,0.0,0.3,0.9,0.0,4.0,0.1,-4.2,1.0,0.1,146.3,4.0,0.6
Layla - 40th Anniversary Version / 2010 Remastered,74.0,423840.0,0.6,0.4,0.9,0.3,1.0,0.3,-3.7,1.0,0.1,115.6,4.0,0.5
Just What I Needed,69.0,225626.0,0.0,0.6,0.6,0.0,4.0,0.1,-9.3,1.0,0.0,127.2,4.0,0.7
Anarchy In The U.K.,54.0,211973.0,0.0,0.3,1.0,0.0,5.0,0.2,-3.8,1.0,0.1,134.2,4.0,0.2
American Pie,74.0,515866.0,0.6,0.5,0.5,0.0,7.0,0.1,-10.9,1.0,0.1,138.3,4.0,0.5
Aqualung,64.0,396186.0,0.1,0.5,0.5,0.0,7.0,0.1,-11.9,0.0,0.0,122.6,4.0,0.7
Won't Get Fooled Again - Original Album Version,47.0,511293.0,0.2,0.7,0.8,0.7,2.0,0.1,-12.2,1.0,0.0,134.9,4.0,0.3
Iron Man - Remastered Version,67.0,355303.0,0.0,0.3,0.8,0.0,9.0,0.0,-10.9,1.0,0.1,155.6,4.0,0.4
The Boys Are Back in Town,74.0,266720.0,0.2,0.4,0.7,0.0,8.0,0.2,-9.8,1.0,0.0,80.8,4.0,0.8
Walk This Way,71.0,220400.0,0.0,0.7,0.7,0.0,5.0,0.1,-10.6,1.0,0.0,108.7,4.0,0.9
Maggie May - Remastered Version,53.0,345680.0,0.7,0.6,0.6,0.4,2.0,0.1,-10.6,1.0,0.0,129.4,4.0,0.5
The Joker,75.0,264503.0,0.4,0.4,0.4,0.0,5.0,0.2,-9.6,1.0,0.1,165.2,4.0,0.8
We Will Rock You - Remastered,71.0,122066.0,0.7,0.7,0.5,0.0,11.0,0.4,-7.3,0.0,0.1,81.4,4.0,0.5
Walk On the Wild Side,74.0,254173.0,0.7,0.6,0.3,0.0,0.0,0.1,-16.7,1.0,0.1,104.5,4.0,0.4
Brown Sugar,69.0,228666.0,0.2,0.6,0.9,0.0,0.0,0.0,-3.5,1.0,0.0,128.6,4.0,1.0
American Woman - Remastered,65.0,307493.0,0.1,0.6,0.7,0.0,2.0,0.4,-8.5,1.0,0.1,92.7,4.0,0.4
(Don't Fear) The Reaper,76.0,308120.0,0.0,0.3,0.9,0.0,9.0,0.3,-8.6,0.0,0.1,141.5,4.0,0.4
Heart of Gold,60.0,187013.0,0.2,0.5,0.4,0.1,4.0,0.1,-11.6,0.0,0.0,171.7,4.0,0.8
Running On Empty,68.0,298093.0,0.0,0.5,0.9,0.0,9.0,0.7,-5.4,1.0,0.1,136.9,4.0,0.5
Sultans Of Swing,68.0,350400.0,0.1,0.7,0.9,0.1,5.0,0.3,-7.3,1.0,0.0,148.2,4.0,0.9
Dreams - 2004 Remastered Edition,80.0,257800.0,0.1,0.8,0.5,0.0,0.0,0.1,-9.7,1.0,0.0,120.2,4.0,0.8
We Are The Champions - Remastered 2011,67.0,179200.0,0.4,0.5,0.5,0.0,10.0,0.1,-6.6,1.0,0.0,95.2,3.0,0.2
You Ain't Seen Nothing Yet,53.0,232466.0,0.0,0.5,0.5,0.0,11.0,0.1,-12.5,0.0,0.0,119.0,4.0,0.8
"Another Brick in the Wall, Pt. 1",63.0,192145.0,0.9,0.6,0.0,0.6,0.0,0.1,-26.4,1.0,0.0,99.5,4.0,0.1
Roundabout - Remastered Version,64.0,510573.0,0.1,0.4,0.8,0.0,4.0,0.1,-9.5,0.0,0.1,132.9,4.0,0.4
Ramblin' Man,70.0,288160.0,0.5,0.3,0.8,0.0,1.0,0.3,-8.3,1.0,0.0,181.1,4.0,0.9
Fire And Rain,72.0,200579.0,0.5,0.6,0.4,0.0,5.0,0.1,-14.5,1.0,0.0,76.1,4.0,0.4
Baba O'Riley,75.0,300000.0,0.3,0.5,0.7,0.2,5.0,0.3,-8.4,1.0,0.0,117.3,4.0,0.2
Heart Of Glass - Special Mix,68.0,275733.0,0.0,0.7,0.6,0.0,4.0,0.1,-14.6,1.0,0.0,114.5,4.0,0.8
My Sharona,74.0,295400.0,0.1,0.6,0.7,0.0,0.0,0.0,-9.6,1.0,0.0,147.2,4.0,0.9
Bennie And The Jets - Remastered 2014,73.0,322548.0,0.2,0.7,0.7,0.0,0.0,0.5,-8.0,1.0,0.0,132.6,4.0,0.8
Baby Hold On,57.0,210826.0,0.2,0.6,0.6,0.0,2.0,0.0,-12.4,1.0,0.0,120.3,4.0,0.9
Runnin' With The Devil - 2015 Remastered Version,69.0,214960.0,0.1,0.5,0.9,0.0,8.0,0.3,-6.4,0.0,0.1,95.8,4.0,0.4
2112: Overture / The Temples Of Syrinx / Discovery / Presentation / Oracle / Soliloquy / Grand Finale - Medley,53.0,1233666.0,0.1,0.3,0.8,0.0,2.0,0.2,-7.4,1.0,0.1,134.1,4.0,0.2
All the Young Dudes,65.0,211066.0,0.2,0.4,0.7,0.0,4.0,0.5,-7.5,0.0,0.0,77.7,4.0,0.4
All Right Now,52.0,334000.0,0.0,0.8,0.5,0.0,2.0,0.1,-11.2,1.0,0.1,119.9,4.0,0.8
Backstreets,54.0,390146.0,0.2,0.2,0.9,0.7,7.0,0.4,-4.4,1.0,0.0,96.0,4.0,0.6
Barracuda,72.0,261933.0,0.0,0.5,0.7,0.1,4.0,0.1,-13.6,0.0,0.0,137.1,4.0,0.7
Ballroom Blitz,59.0,246573.0,0.1,0.6,0.8,0.0,4.0,0.1,-10.9,0.0,0.1,108.4,4.0,0.9
Black Betty,68.0,237893.0,0.0,0.5,0.9,0.0,11.0,0.1,-9.6,0.0,0.1,117.5,4.0,0.7
Beast Of Burden - Remastered,73.0,265173.0,0.4,0.8,0.9,0.0,1.0,0.0,-3.8,0.0,0.0,100.6,4.0,0.8
Band On The Run - Remastered 2010,70.0,313026.0,0.1,0.5,0.6,0.0,7.0,0.1,-8.8,1.0,0.0,125.0,4.0,0.7
Breakdown,66.0,163893.0,0.4,0.6,0.4,0.0,9.0,0.1,-8.4,0.0,0.0,113.7,4.0,0.7
Carry on Wayward Son,75.0,323000.0,0.0,0.5,0.8,0.0,7.0,0.4,-5.7,1.0,0.0,126.7,4.0,0.8
Cat Scratch Fever,63.0,219400.0,0.0,0.5,0.9,0.1,4.0,0.1,-4.2,0.0,0.0,127.1,4.0,0.6
Bridge Over Troubled Water,69.0,293120.0,0.8,0.1,0.2,0.0,3.0,0.1,-13.9,1.0,0.0,79.8,4.0,0.3
Caravan,58.0,300800.0,0.3,0.6,0.4,0.0,7.0,0.0,-12.3,1.0,0.0,82.0,4.0,0.6
Can't Get Enough - Remastered Version,55.0,254400.0,0.1,0.7,0.8,0.0,0.0,0.1,-7.5,1.0,0.0,126.3,4.0,0.7
Cheap Sunglasses,56.0,288400.0,0.1,0.6,0.5,0.0,5.0,0.1,-14.5,0.0,0.0,93.9,4.0,0.8
China Grove,67.0,195306.0,0.3,0.6,0.9,0.0,9.0,0.1,-8.4,1.0,0.0,145.6,4.0,0.7
Foreplay / Long Time,64.0,467640.0,0.0,0.4,0.7,0.0,5.0,0.1,-8.9,1.0,0.1,118.7,4.0,0.2
Come Sail Away,59.0,365000.0,0.2,0.3,0.6,0.0,0.0,0.1,-7.5,1.0,0.0,147.6,4.0,0.1
Give A Little Bit,72.0,248173.0,0.1,0.5,0.8,0.0,2.0,0.3,-5.4,1.0,0.0,90.8,4.0,0.5
Doctor My Eyes,64.0,199906.0,0.3,0.5,0.6,0.0,5.0,0.1,-8.4,1.0,0.0,75.6,4.0,0.5
Feel Like Makin' Love - 2015 Remastered Version,66.0,313840.0,0.3,0.5,0.5,0.0,7.0,0.7,-9.7,1.0,0.0,85.1,4.0,0.7
Do You Feel Like We Do,48.0,836666.0,0.0,0.3,0.6,0.0,0.0,1.0,-8.2,1.0,0.0,98.3,4.0,0.4
L.A. Woman,66.0,471160.0,0.1,0.4,0.7,0.0,2.0,0.1,-9.2,1.0,0.0,170.6,4.0,0.7
The Lamb Lies Down On Broadway (Platinum Collection Version),39.0,289373.0,0.5,0.4,0.8,0.0,4.0,0.6,-6.7,1.0,0.1,117.2,4.0,0.2
Knockin' On Heaven's Door - Remastered,72.0,149880.0,0.3,0.5,0.4,0.2,7.0,0.1,-13.1,1.0,0.0,140.2,4.0,0.2
Deacon Blues,58.0,456640.0,0.5,0.8,0.6,0.0,0.0,0.1,-12.3,1.0,0.0,115.8,4.0,0.6
Life In The Fast Lane - Remastered,72.0,286219.0,0.1,0.7,0.8,0.0,9.0,0.1,-7.2,1.0,0.1,109.5,4.0,0.9
Life's Been Good,69.0,536226.0,0.3,0.5,0.5,0.0,2.0,0.1,-12.9,1.0,0.1,99.3,4.0,0.5
Locomotive Breath,60.0,266013.0,0.4,0.7,0.5,0.0,11.0,0.1,-13.1,0.0,0.1,124.6,4.0,0.3
Like A Hurricane,47.0,501213.0,0.0,0.4,0.8,0.0,9.0,0.2,-5.5,0.0,0.0,113.9,4.0,0.6
Livin' Thing,68.0,212306.0,0.6,0.5,0.7,0.0,0.0,0.1,-7.1,1.0,0.0,122.8,4.0,0.4
Paradise By the Dashboard Light,65.0,508333.0,0.2,0.3,0.9,0.0,2.0,0.5,-7.6,1.0,0.1,173.4,4.0,0.5
Paradise City,73.0,406306.0,0.0,0.3,0.9,0.0,11.0,0.2,-8.6,1.0,0.1,100.3,4.0,0.5
Panama - 2015 Remastered Version,73.0,210226.0,0.0,0.5,1.0,0.0,8.0,0.1,-5.4,1.0,0.1,141.2,4.0,0.5
Rock You Like A Hurricane,66.0,252493.0,0.0,0.5,0.6,0.0,7.0,0.2,-12.8,1.0,0.0,125.6,4.0,0.8
Dr. Feelgood,68.0,291306.0,0.0,0.5,1.0,0.0,2.0,0.2,-4.1,1.0,0.1,111.0,4.0,0.3
Pour Some Sugar On Me - Remastered 2017,75.0,267306.0,0.0,0.3,1.0,0.0,1.0,0.3,-4.9,0.0,0.1,85.0,4.0,0.6
Still of the Night - 2017 Remastered Version,60.0,399693.0,0.0,0.4,0.9,0.0,0.0,0.3,-5.9,1.0,0.1,100.5,4.0,0.2
Crazy Train - Remastered,75.0,296200.0,0.4,0.5,0.9,0.0,9.0,0.3,-4.0,1.0,0.1,137.6,4.0,0.5
You Give Love A Bad Name,26.0,223733.0,0.1,0.6,0.8,0.0,0.0,0.4,-10.7,0.0,0.0,122.8,4.0,0.8
Seventeen,59.0,245266.0,0.0,0.6,0.7,0.0,8.0,0.1,-11.9,1.0,0.0,96.0,4.0,0.7
Nobody's Fool,16.0,287400.0,0.0,0.4,0.4,0.0,9.0,0.2,-13.6,0.0,0.0,67.2,4.0,0.1
Rainbow in the Dark,61.0,256933.0,0.0,0.5,0.9,0.1,9.0,0.0,-5.7,0.0,0.0,117.5,4.0,0.6
Lay It Down,58.0,205560.0,0.0,0.4,0.8,0.0,10.0,0.2,-13.5,1.0,0.0,198.1,4.0,0.3
Bad Medicine,67.0,316706.0,0.0,0.6,1.0,0.0,9.0,0.1,-3.8,1.0,0.0,118.6,4.0,0.8
Metal Health (Bang Your Head),63.0,316866.0,0.0,0.5,0.9,0.0,2.0,0.2,-6.0,1.0,0.1,121.2,4.0,0.5
The Final Countdown,74.0,310333.0,0.1,0.5,0.8,0.0,6.0,0.1,-6.9,0.0,0.1,117.7,4.0,0.2
Home Sweet Home,66.0,240933.0,0.1,0.4,0.8,0.0,5.0,0.1,-6.4,1.0,0.0,76.3,4.0,0.1
No One Like You,60.0,237466.0,0.0,0.5,0.6,0.0,9.0,0.1,-10.4,0.0,0.0,118.2,4.0,0.8
Close My Eyes Forever,60.0,283133.0,0.3,0.5,0.3,0.0,5.0,0.2,-14.9,1.0,0.0,130.6,4.0,0.2
Welcome To The Jungle,75.0,273600.0,0.0,0.4,1.0,0.3,8.0,0.3,-8.0,1.0,0.1,123.3,4.0,0.3
Every Rose Has Its Thorn - Remastered 2003,71.0,260173.0,0.2,0.5,0.6,0.0,6.0,0.4,-5.6,1.0,0.0,140.2,4.0,0.3
Is This Love - 2017 Remastered Version,61.0,284600.0,0.1,0.3,0.8,0.0,0.0,0.1,-6.8,1.0,0.0,180.4,4.0,0.5
Lick It Up,62.0,236640.0,0.2,0.7,0.8,0.0,2.0,0.3,-5.9,1.0,0.1,120.2,4.0,0.6
Once Bitten Twice Shy,61.0,322933.0,0.0,0.7,0.5,0.0,0.0,0.1,-14.0,1.0,0.0,131.7,4.0,0.6
Wanted Dead Or Alive,67.0,308666.0,0.1,0.3,0.8,0.0,7.0,0.3,-3.9,1.0,0.0,150.8,4.0,0.3
Don't Know What You Got (Till It's Gone),59.0,354640.0,0.2,0.4,0.5,0.0,9.0,0.1,-9.9,1.0,0.0,132.6,4.0,0.2
You're In Love,55.0,194106.0,0.0,0.6,0.9,0.1,7.0,0.1,-11.5,1.0,0.0,146.0,4.0,0.5
"Girls, Girls, Girls",69.0,270426.0,0.0,0.6,0.9,0.0,7.0,0.4,-4.6,1.0,0.1,140.1,4.0,0.5
Here I Go Again 87 - 2007 Remastered Version,15.0,270160.0,0.2,0.4,0.9,0.0,7.0,0.2,-4.1,1.0,0.0,90.7,4.0,0.2
Livin' On A Prayer,63.0,250626.0,0.1,0.5,0.9,0.0,0.0,0.2,-3.3,1.0,0.0,122.5,4.0,0.8
Sweet Child O' Mine,77.0,356400.0,0.1,0.4,0.9,0.1,6.0,0.1,-7.7,1.0,0.1,125.1,4.0,0.7
Cum on Feel the Noize,68.0,287400.0,0.0,0.4,0.9,0.0,11.0,0.1,-4.6,0.0,0.1,145.4,4.0,0.6
Jump,19.0,239560.0,0.1,0.5,0.8,0.0,0.0,0.1,-7.2,1.0,0.0,130.1,4.0,0.8
Rock the Night,7.0,247493.0,0.0,0.6,1.0,0.0,4.0,0.3,-2.8,0.0,0.1,105.3,4.0,0.4
Talk Dirty To Me - 2006 - Remaster,59.0,224960.0,0.0,0.5,1.0,0.0,11.0,0.4,-3.9,1.0,0.1,158.1,4.0,0.6
Working for the Weekend,15.0,220706.0,0.0,0.5,0.9,0.0,7.0,0.6,-5.6,1.0,0.0,147.3,4.0,0.8
Holy Diver,61.0,353786.0,0.1,0.5,0.9,0.2,8.0,0.1,-6.8,1.0,0.1,92.0,4.0,0.1
Kickstart My Heart,57.0,284026.0,0.0,0.5,1.0,0.0,7.0,0.2,-3.8,0.0,0.2,89.5,4.0,0.2
Round and Round,56.0,266626.0,0.0,0.6,1.0,0.0,11.0,0.1,-4.5,1.0,0.1,126.5,4.0,0.4
We're Not Gonna Take It,60.0,219666.0,0.0,0.5,0.9,0.0,4.0,0.2,-6.3,1.0,0.1,149.2,4.0,0.9
Cherry Pie,68.0,201026.0,0.0,0.5,0.9,0.0,2.0,0.4,-4.6,1.0,0.1,177.5,4.0,0.5
Summertime Girls - Studio Version,51.0,209066.0,0.0,0.4,0.7,0.0,4.0,0.2,-11.6,1.0,0.0,129.0,4.0,0.8
18 And Life,60.0,231280.0,0.0,0.5,0.8,0.0,1.0,0.1,-6.6,0.0,0.0,90.4,4.0,0.4
Heaven's On Fire,66.0,201400.0,0.0,0.7,0.9,0.0,0.0,0.3,-5.9,1.0,0.1,124.3,4.0,0.8
Dude (Looks Like A Lady),69.0,265773.0,0.4,0.5,1.0,0.0,4.0,0.0,-2.9,0.0,0.0,126.3,4.0,0.9
Gypsy Road,54.0,235733.0,0.0,0.5,0.9,0.0,9.0,0.3,-9.0,1.0,0.0,132.4,4.0,0.6
Alone Again,60.0,262200.0,0.0,0.3,0.6,0.0,3.0,0.1,-9.0,0.0,0.0,156.7,4.0,0.3
Poison,60.0,269600.0,0.1,0.3,0.9,0.0,2.0,0.1,-7.8,0.0,0.1,118.6,4.0,0.3
Addicted To That Rush,4.0,284973.0,0.1,0.5,1.0,0.0,2.0,0.3,-5.1,1.0,0.2,112.7,4.0,0.4
Inside Out,47.0,228533.0,0.0,0.4,1.0,0.0,8.0,0.1,-4.4,1.0,0.1,171.4,4.0,0.6
I Wanna Be Somebody,5.0,223533.0,0.0,0.3,0.8,0.0,1.0,0.3,-7.1,0.0,0.1,164.1,4.0,0.5
Wait,51.0,295426.0,0.0,0.2,0.8,0.0,2.0,0.1,-7.6,1.0,0.1,149.3,4.0,0.2
Over The Mountain,3.0,271400.0,0.0,0.5,0.9,0.0,5.0,0.1,-3.6,0.0,0.1,131.1,4.0,0.5
Wild Frontier - Remastered 2002,48.0,255720.0,0.0,0.5,0.8,0.0,4.0,0.1,-6.4,0.0,0.0,130.0,4.0,0.6
Armed And Ready - 2008 Remastered Version,4.0,248333.0,0.0,0.3,1.0,0.0,9.0,0.1,-5.5,1.0,0.1,171.6,4.0,0.7
I Surrender,59.0,241893.0,0.2,0.5,0.9,0.0,7.0,0.3,-5.3,0.0,0.1,132.7,4.0,0.8
Edge Of A Broken Heart,54.0,265333.0,0.0,0.6,0.8,0.0,7.0,0.1,-11.6,0.0,0.0,126.1,4.0,0.5
I Don't Believe In Love - Remastered 2003,53.0,263560.0,0.0,0.6,1.0,0.0,7.0,0.4,-2.7,1.0,0.1,118.0,4.0,0.3
I Hate Myself for Loving You,66.0,246800.0,0.1,0.6,0.9,0.0,9.0,0.2,-11.2,1.0,0.1,117.9,4.0,0.6
Eye of the Tiger,77.0,245620.0,0.1,0.8,0.6,0.0,0.0,0.1,-9.2,0.0,0.0,108.9,4.0,0.5
Kiss Me Deadly,55.0,241800.0,0.0,0.5,0.7,0.0,0.0,0.4,-10.8,1.0,0.0,156.1,4.0,0.6
I Remember You,67.0,313693.0,0.0,0.3,0.5,0.0,0.0,0.1,-12.7,1.0,0.0,176.3,4.0,0.5
Wild Side,61.0,281960.0,0.0,0.6,0.9,0.0,0.0,0.4,-4.6,1.0,0.0,115.1,4.0,0.5
Heaven,64.0,236843.0,0.1,0.5,0.5,0.0,6.0,0.1,-11.1,1.0,0.0,145.8,4.0,0.3
Fallen Angel - Remastered,57.0,238200.0,0.0,0.5,0.9,0.0,6.0,0.3,-3.6,1.0,0.0,148.1,4.0,0.5
Shout At The Devil,63.0,195853.0,0.0,0.5,1.0,0.0,0.0,0.1,-4.6,1.0,0.1,94.4,4.0,0.4
Runaway,67.0,230666.0,0.0,0.5,0.9,0.0,9.0,0.2,-4.2,0.0,0.1,152.5,4.0,0.7
Shake Me,54.0,222466.0,0.0,0.6,0.9,0.0,9.0,0.3,-11.8,1.0,0.0,132.7,4.0,0.6
Modern Day Cowboy,60.0,318226.0,0.0,0.4,0.8,0.0,9.0,0.1,-8.8,1.0,0.0,112.8,4.0,0.3
Why Can't This Be Love,62.0,227693.0,0.1,0.5,0.6,0.0,0.0,0.1,-13.4,1.0,0.0,88.2,4.0,0.7
Up All Night,51.0,226026.0,0.0,0.5,0.7,0.0,7.0,0.3,-11.3,0.0,0.0,98.0,4.0,0.6
High Enough,59.0,287320.0,0.0,0.3,0.5,0.0,2.0,0.1,-9.6,1.0,0.0,81.8,4.0,0.2
Rock And Roll All Nite,31.0,168733.0,0.0,0.7,0.9,0.0,1.0,0.1,-5.8,1.0,0.1,144.7,4.0,0.9
Living After Midnight,64.0,210133.0,0.0,0.6,0.8,0.0,4.0,0.1,-6.0,1.0,0.1,135.0,4.0,0.8
Wild Child,59.0,312400.0,0.1,0.4,0.9,0.0,5.0,0.2,-7.8,0.0,0.0,146.1,4.0,0.4
Unskinny Bop - 2006 - Remaster,61.0,228066.0,0.1,0.6,0.9,0.0,1.0,0.1,-2.9,1.0,0.0,92.3,4.0,0.7
Bark at the Moon,65.0,257120.0,0.0,0.3,1.0,0.0,9.0,0.1,-5.3,0.0,0.2,146.6,4.0,0.3
In My Dreams (Re-Recorded / Remastered),51.0,273013.0,0.0,0.5,0.8,0.0,3.0,0.0,-4.4,0.0,0.0,121.0,4.0,0.6
Sister Christian,57.0,302933.0,0.2,0.4,0.3,0.0,5.0,0.1,-16.2,1.0,0.0,177.4,4.0,0.2
Love Song,45.0,321266.0,0.4,0.3,0.4,0.1,2.0,0.1,-8.1,1.0,0.0,80.0,4.0,0.3
Ain't Talkin' 'Bout Love - 2015 Remastered Version,65.0,227800.0,0.0,0.5,0.9,0.0,8.0,0.3,-6.0,0.0,0.0,139.1,4.0,0.7
Ace of Spades,74.0,165906.0,0.0,0.3,1.0,0.0,6.0,0.1,-7.1,1.0,0.2,140.1,4.0,0.2
Don't Close Your Eyes,49.0,257053.0,0.1,0.5,0.4,0.0,7.0,0.1,-15.6,0.0,0.0,148.1,4.0,0.3
Detroit Rock City,22.0,215899.0,0.0,0.5,0.9,0.0,5.0,0.3,-6.7,1.0,0.1,90.6,4.0,0.5
Hot For Teacher - 2015 Remastered Version,66.0,282746.0,0.0,0.6,0.9,0.0,2.0,0.1,-4.7,1.0,0.2,127.7,4.0,0.5
Don't Treat Me Bad,54.0,235360.0,0.0,0.6,0.8,0.0,8.0,0.2,-11.4,1.0,0.0,111.1,4.0,0.6
Don't Stop Believin',79.0,250986.0,0.1,0.5,0.7,0.0,4.0,0.4,-9.1,1.0,0.0,118.9,4.0,0.5
House Of Pain,54.0,346626.0,0.1,0.5,0.6,0.0,0.0,0.2,-10.3,1.0,0.0,121.3,4.0,0.2
Sharp Dressed Man - 2008 Remastered Version,72.0,258026.0,0.0,0.6,0.9,0.0,5.0,0.1,-5.3,1.0,0.0,125.1,4.0,0.4
Paranoid - Remastered Version,69.0,168405.0,0.0,0.4,0.7,0.0,4.0,0.2,-12.1,0.0,0.1,163.0,4.0,0.5
You Shook Me All Night Long,77.0,210173.0,0.0,0.5,0.8,0.0,7.0,0.4,-5.5,1.0,0.1,127.4,4.0,0.8
I Was Made For Lovin' You,36.0,271240.0,0.2,0.8,0.9,0.0,4.0,0.1,-6.2,1.0,0.0,128.4,4.0,0.9
Breaking The Chains,57.0,231693.0,0.0,0.5,0.9,0.0,4.0,0.3,-4.8,0.0,0.1,125.3,4.0,0.5
Uncle Tom's Cabin,52.0,241506.0,0.2,0.6,0.7,0.0,8.0,0.1,-6.8,1.0,0.1,126.6,4.0,0.3
"Mama, I'm Coming Home",68.0,251866.0,0.0,0.3,0.7,0.0,8.0,0.1,-6.6,1.0,0.0,139.4,4.0,0.2
Just Like Paradise,54.0,243280.0,0.0,0.6,0.9,0.0,2.0,0.7,-5.0,1.0,0.0,135.6,4.0,0.4
Since You Been Gone,65.0,197866.0,0.6,0.7,0.8,0.0,7.0,0.6,-4.2,1.0,0.0,120.7,4.0,0.9
Cryin',48.0,211906.0,0.1,0.7,0.6,0.0,9.0,0.1,-12.9,1.0,0.0,109.0,4.0,0.6
Wind Of Change,37.0,313226.0,0.3,0.5,0.5,0.0,0.0,0.1,-10.1,1.0,0.0,151.4,4.0,0.3
Every Breath You Take,45.0,253733.0,0.4,0.8,0.4,0.0,1.0,0.1,-10.6,1.0,0.0,117.4,4.0,0.7
All Out of Love,66.0,241373.0,0.1,0.5,0.5,0.0,0.0,0.5,-6.5,1.0,0.0,108.4,4.0,0.3
Hard To Say I'm Sorry - 2007 Remastered Version,65.0,221413.0,0.7,0.6,0.4,0.0,4.0,0.2,-7.8,1.0,0.0,72.3,4.0,0.3
Woman - 2010 - Remaster,69.0,212933.0,0.4,0.6,0.7,0.0,3.0,0.0,-6.4,1.0,0.0,79.7,4.0,0.7
Foolish Beat,61.0,262413.0,0.3,0.5,0.4,0.0,10.0,0.1,-11.2,0.0,0.0,78.3,4.0,0.3
Have I Told You Lately,67.0,260386.0,0.3,0.3,0.5,0.0,4.0,0.1,-10.3,1.0,0.0,143.8,4.0,0.2
Can't Fight This Feeling,73.0,294773.0,0.2,0.4,0.5,0.0,9.0,0.1,-11.0,1.0,0.0,156.3,4.0,0.2
Every Woman In The World - Digitally Remastered 1999,49.0,207760.0,0.2,0.5,0.6,0.0,9.0,0.2,-7.2,1.0,0.0,79.0,4.0,0.3
Tonight I Celebrate My Love,65.0,211400.0,0.9,0.5,0.2,0.0,3.0,0.1,-13.7,1.0,0.0,116.9,4.0,0.1
Endless Love - Endless Love/Soundtrack Version,48.0,266266.0,0.6,0.2,0.4,0.0,10.0,0.2,-9.7,1.0,0.0,62.3,3.0,0.2
When I See You Smile,67.0,257440.0,0.4,0.5,0.6,0.0,7.0,0.2,-9.9,1.0,0.0,135.7,4.0,0.3
Drive - Remastered,65.0,234332.0,0.1,0.3,0.7,0.0,6.0,0.1,-7.9,1.0,0.0,83.5,4.0,0.4
We've Got Tonight,62.0,234560.0,0.8,0.5,0.2,0.0,8.0,0.1,-11.2,1.0,0.0,123.5,4.0,0.3
Lover's Moon,58.0,251400.0,0.8,0.6,0.2,0.0,7.0,0.1,-19.7,1.0,0.0,137.7,4.0,0.4
I'll Be Loving You (Forever),64.0,263933.0,0.3,0.6,0.3,0.0,11.0,0.1,-17.2,1.0,0.0,134.7,4.0,0.3
Arthur's Theme (Best That You Can Do) - Remastered Version,69.0,234493.0,0.2,0.5,0.5,0.0,9.0,0.2,-11.2,1.0,0.0,136.5,4.0,0.5
Nothing's Gonna Change My Love For You,64.0,242678.0,0.8,0.6,0.6,0.0,1.0,0.1,-5.1,1.0,0.0,136.6,4.0,0.3
Open Arms,69.0,202173.0,0.6,0.4,0.2,0.0,2.0,0.1,-13.2,1.0,0.0,100.6,3.0,0.2
The One That You Love,62.0,259000.0,0.7,0.4,0.5,0.0,5.0,0.1,-8.1,1.0,0.0,110.0,4.0,0.2
True,74.0,328293.0,0.5,0.7,0.5,0.1,0.0,0.1,-9.4,1.0,0.0,97.4,4.0,0.3
The Flame,64.0,338800.0,0.5,0.6,0.6,0.0,4.0,0.1,-11.9,1.0,0.0,97.1,4.0,0.4
Nothing's Gonna Stop Us Now,75.0,270333.0,0.0,0.6,0.8,0.0,6.0,0.1,-4.9,1.0,0.0,96.0,4.0,0.5
"Say You, Say Me",32.0,241066.0,0.4,0.6,0.4,0.0,8.0,0.1,-11.1,1.0,0.0,128.1,4.0,0.3
Straight From The Heart,55.0,211933.0,0.1,0.6,0.2,0.0,0.0,0.1,-18.5,1.0,0.0,84.8,4.0,0.3
Take On Me,85.0,225280.0,0.0,0.6,0.9,0.0,6.0,0.1,-7.6,0.0,0.1,84.4,4.0,0.9
Waiting For A Girl Like You,69.0,292066.0,0.3,0.3,0.5,0.0,10.0,0.0,-9.3,0.0,0.0,201.3,4.0,0.4
Careless Whisper,13.0,300093.0,0.1,0.6,0.6,0.0,2.0,0.3,-8.8,0.0,0.0,153.2,4.0,0.8
Woman in Love,67.0,231840.0,0.2,0.5,0.3,0.0,3.0,0.1,-16.3,0.0,0.0,169.7,4.0,0.3
Do You Remember? - 2016 Remastered,60.0,275986.0,0.1,0.7,0.5,0.0,5.0,0.1,-7.5,1.0,0.0,93.0,4.0,0.5
Listen To Your Heart,73.0,328093.0,0.1,0.5,0.6,0.0,1.0,0.1,-4.9,0.0,0.0,86.1,4.0,0.3
Heaven,14.0,243666.0,0.1,0.3,0.4,0.0,9.0,0.1,-13.7,0.0,0.0,69.9,4.0,0.4
Glory Of Love,72.0,258120.0,0.1,0.5,0.6,0.0,5.0,0.3,-8.5,1.0,0.0,145.0,4.0,0.3
Take My Breath Away - Love Theme from 'Top Gun',72.0,255733.0,0.1,0.5,0.7,0.0,6.0,0.4,-9.4,1.0,0.0,95.8,4.0,0.5
It Might Be You (Theme From Tootsie),58.0,256226.0,0.3,0.4,0.3,0.0,7.0,0.3,-14.3,1.0,0.0,179.7,4.0,0.3
The Lady In Red,62.0,256487.0,0.3,0.6,0.3,0.0,10.0,0.0,-16.3,1.0,0.0,77.1,4.0,0.5
Time After Time,74.0,243066.0,0.6,0.7,0.4,0.0,0.0,0.1,-9.3,1.0,0.0,130.4,4.0,0.3
Against All Odds (Take A Look At Me Now) - 2016 Remastered,72.0,206360.0,0.2,0.6,0.5,0.0,1.0,0.1,-6.9,1.0,0.0,116.3,4.0,0.1
Every Time You Go Away,60.0,324346.0,0.2,0.6,0.6,0.0,5.0,0.1,-12.3,1.0,0.0,164.3,4.0,0.7
I Want To Know What Love Is - Remastered,76.0,304786.0,0.2,0.5,0.5,0.0,6.0,0.1,-10.0,1.0,0.0,81.2,4.0,0.4
Faithfully,70.0,267080.0,0.1,0.2,0.6,0.0,11.0,0.1,-5.2,1.0,0.0,85.0,5.0,0.3
Total Eclipse of the Heart,56.0,418000.0,0.3,0.4,0.5,0.0,8.0,0.2,-12.9,1.0,0.1,131.4,4.0,0.2
With Or Without You - Remastered,35.0,295520.0,0.0,0.5,0.4,0.3,2.0,0.1,-11.9,1.0,0.0,110.2,4.0,0.1
Alone,73.0,218733.0,0.6,0.4,0.5,0.0,1.0,0.1,-13.1,1.0,0.0,175.1,4.0,0.2
Right Here Waiting,74.0,264333.0,0.8,0.4,0.3,0.0,0.0,0.1,-13.6,1.0,0.0,177.7,4.0,0.1
If You Don't Know Me By Now - 2008 Remastered Version,70.0,204000.0,0.5,0.6,0.4,0.0,10.0,0.1,-9.3,1.0,0.0,94.2,3.0,0.2
Baby Can I Hold You,70.0,193120.0,0.1,0.7,0.4,0.0,2.0,0.1,-10.5,1.0,0.0,74.4,4.0,0.5
Eternal Flame,63.0,235666.0,0.6,0.5,0.2,0.0,7.0,0.2,-13.7,1.0,0.0,78.9,3.0,0.4
(I Just) Died In Your Arms,69.0,280400.0,0.0,0.6,0.7,0.0,11.0,0.1,-11.4,0.0,0.0,124.9,4.0,0.5
How Am I Supposed to Live Without You,70.0,255666.0,0.2,0.5,0.4,0.0,10.0,0.1,-12.2,1.0,0.0,140.3,4.0,0.2
Jump - 2015 Remastered Version,78.0,241599.0,0.2,0.6,0.8,0.0,0.0,0.1,-6.2,1.0,0.0,130.0,4.0,0.8
Another One Bites The Dust - Remastered 2011,74.0,214653.0,0.1,1.0,0.5,0.2,5.0,0.2,-6.6,0.0,0.2,110.0,4.0,0.7
Should I Stay or Should I Go - Remastered,79.0,188986.0,0.1,0.7,0.8,0.0,2.0,0.4,-6.5,1.0,0.1,113.4,4.0,0.8
Dancing With Myself,66.0,359733.0,0.0,0.5,0.7,0.0,4.0,0.3,-10.8,1.0,0.1,176.6,4.0,0.9
Every Breath You Take - Remastered 2003,75.0,253886.0,0.6,0.8,0.5,0.0,1.0,0.1,-9.8,1.0,0.0,117.4,4.0,0.7
Let's Dance - 1999 Remastered Version,71.0,457133.0,0.0,0.6,0.7,0.2,10.0,0.2,-9.4,0.0,0.1,115.0,4.0,0.7
With Or Without You - Remastered,70.0,295515.0,0.0,0.5,0.4,0.4,2.0,0.1,-11.8,1.0,0.0,110.2,4.0,0.1
Need You Tonight,65.0,180517.0,0.1,0.8,0.7,0.2,10.0,0.1,-5.0,0.0,0.1,109.0,4.0,0.9
Any Way You Want It,66.0,201866.0,0.0,0.5,0.9,0.0,7.0,0.1,-7.1,1.0,0.0,138.2,4.0,0.6
When Doves Cry,70.0,352906.0,0.0,0.7,1.0,0.0,9.0,0.4,-4.6,0.0,0.0,126.5,4.0,0.8
Born in the U.S.A.,73.0,278680.0,0.0,0.4,1.0,0.0,4.0,0.1,-6.0,1.0,0.1,122.1,4.0,0.6
Walk This Way,59.0,310960.0,0.0,0.8,0.7,0.0,6.0,0.1,-10.2,0.0,0.1,105.6,4.0,0.9
I Ran,57.0,220306.0,0.0,0.5,0.9,0.9,9.0,0.2,-4.9,0.0,0.0,145.5,4.0,0.7
Once In A Lifetime - 2005 Remastered Version,68.0,259906.0,0.2,0.6,0.9,0.1,2.0,0.6,-6.3,1.0,0.1,117.5,4.0,0.9
Personal Jesus - Original Seven Inch Version,62.0,224906.0,0.0,0.6,0.7,0.0,11.0,0.0,-11.6,1.0,0.0,130.0,4.0,0.7
Desire,63.0,179360.0,0.0,0.5,0.8,0.0,8.0,0.1,-9.5,1.0,0.0,108.6,4.0,0.6
How Soon Is Now? - 2011 Remastered Version,68.0,408173.0,0.0,0.4,0.9,0.1,11.0,0.1,-6.8,1.0,0.1,190.8,4.0,0.7
Just Like Heaven - 2006 Remastered Version,48.0,212013.0,0.1,0.4,0.9,0.0,9.0,0.2,-6.9,1.0,0.0,151.4,4.0,0.5
Billie Jean,84.0,293826.0,0.0,0.9,0.7,0.0,11.0,0.0,-3.1,0.0,0.0,117.0,4.0,0.8
Where The Streets Have No Name - Remastered,56.0,336613.0,0.0,0.5,0.7,0.0,2.0,0.2,-9.7,1.0,0.0,125.8,4.0,0.3
Stand - Remastered,16.0,192960.0,0.4,0.7,0.7,0.0,4.0,0.1,-10.0,1.0,0.0,109.3,4.0,0.9
Jane Says,66.0,287000.0,0.0,0.4,0.7,0.0,7.0,0.1,-7.7,1.0,0.0,82.2,4.0,0.5
Hungry Like The Wolf - 2009 Remastered Version,72.0,220626.0,0.0,0.7,0.8,0.0,0.0,0.3,-7.8,1.0,0.1,127.6,4.0,0.7
The Safety Dance,56.0,164866.0,0.0,0.5,0.9,0.0,5.0,0.1,-4.5,1.0,0.0,101.7,4.0,0.6
West End Girls - 2001 Remastered Version,58.0,245360.0,0.0,0.6,0.9,0.1,4.0,0.1,-6.6,0.0,0.0,113.3,4.0,0.6
Eye of the Tiger,55.0,245533.0,0.2,0.8,0.6,0.0,0.0,0.1,-10.1,0.0,0.0,108.9,4.0,0.6
You Spin Me Round (Like a Record),72.0,199666.0,0.0,0.6,0.9,0.1,6.0,0.5,-8.0,0.0,0.0,128.2,4.0,1.0
Shout,69.0,393666.0,0.2,0.5,0.9,0.0,0.0,0.1,-10.4,1.0,0.0,97.9,4.0,0.5
Tainted Love,26.0,162506.0,0.4,0.6,0.4,0.0,0.0,0.1,-10.2,1.0,0.0,144.6,4.0,0.7
Dr Feelgood,32.0,282560.0,0.0,0.5,1.0,0.1,2.0,0.2,-5.1,1.0,0.1,111.0,4.0,0.4
Summer Of '69,80.0,216053.0,0.0,0.5,0.8,0.0,2.0,0.1,-6.2,1.0,0.0,139.1,4.0,0.8
One,69.0,447440.0,0.0,0.4,0.7,0.1,7.0,0.1,-9.4,1.0,0.1,106.2,4.0,0.4
Money For Nothing,63.0,506400.0,0.0,0.7,0.7,0.0,2.0,0.1,-9.3,0.0,0.0,134.2,4.0,0.7
Jessie's Girl,9.0,195933.0,0.1,0.7,0.8,0.0,2.0,0.1,-8.8,1.0,0.1,131.6,4.0,0.8
Come On Eileen,72.0,287306.0,0.6,0.5,0.7,0.0,2.0,0.3,-7.1,1.0,0.0,106.8,4.0,0.8
Fight For Your Right,68.0,207400.0,0.1,0.7,0.7,0.0,8.0,0.1,-10.4,1.0,0.0,133.6,4.0,0.6
Love Will Tear Us Apart - 2010 Remastered Version,64.0,204621.0,0.0,0.5,0.9,0.7,2.0,0.1,-8.7,1.0,0.0,146.8,4.0,0.9
Faith - Remastered,75.0,193200.0,0.0,0.9,0.5,0.0,11.0,0.1,-12.0,1.0,0.1,95.8,4.0,0.6
Everybody Wants To Rule The World,82.0,251488.0,0.4,0.6,0.8,0.0,7.0,0.1,-12.1,1.0,0.1,112.1,4.0,0.6
Relax,52.0,236800.0,0.3,0.7,0.7,0.0,11.0,0.0,-13.4,0.0,0.0,114.9,4.0,0.7
Blue Monday - 2016 Remastered Version,73.0,450800.0,0.0,0.8,0.7,0.9,0.0,0.1,-9.5,1.0,0.1,130.3,4.0,0.9
Don't You (Forget About Me),73.0,263040.0,0.2,0.7,0.8,0.0,2.0,0.1,-6.6,1.0,0.0,111.3,4.0,0.7
Don't Stop Believin',76.0,248906.0,0.3,0.5,0.8,0.0,4.0,0.4,-7.1,1.0,0.0,119.3,4.0,0.5
The Boys Of Summer,75.0,288733.0,0.5,0.5,0.6,0.0,6.0,0.2,-13.6,1.0,0.0,176.9,4.0,0.9
Addicted To Love,65.0,363640.0,0.4,0.7,0.6,0.0,2.0,0.1,-12.8,1.0,0.0,111.6,4.0,1.0
I Still Haven't Found What I'm Looking For - Remastered 2007,54.0,277480.0,0.0,0.6,0.8,0.0,1.0,0.1,-9.4,1.0,0.0,100.9,4.0,0.7
Mountain Song,58.0,242720.0,0.0,0.3,0.9,0.0,9.0,0.3,-6.8,1.0,0.1,82.7,4.0,0.3
Call Me,64.0,212226.0,0.0,0.6,0.8,0.0,2.0,0.1,-6.7,0.0,0.0,142.7,4.0,0.8
Walk This Way,66.0,211026.0,0.0,0.6,0.8,0.0,5.0,0.1,-10.8,1.0,0.0,108.5,4.0,0.9
Run to the Hills - 1998 Remastered Version,70.0,233960.0,0.0,0.2,1.0,0.0,0.0,0.2,-4.6,1.0,0.1,173.3,4.0,0.4
Real Wild Child (Wild One),34.0,218400.0,0.0,0.6,0.9,0.1,4.0,0.3,-7.1,1.0,0.0,146.3,4.0,1.0
Rebel Yell,25.0,288533.0,0.0,0.5,0.9,0.0,4.0,0.3,-4.9,0.0,0.1,166.4,4.0,0.5
Pride (In The Name Of Love),44.0,227733.0,0.0,0.4,0.7,0.0,4.0,0.7,-10.6,1.0,0.0,105.9,4.0,0.8
She Sells Sanctuary,63.0,252533.0,0.0,0.6,0.8,0.9,7.0,0.1,-8.7,1.0,0.0,139.5,4.0,0.4
Personal Jesus - Single Version,68.0,224933.0,0.1,0.7,0.9,0.0,11.0,0.0,-3.5,1.0,0.0,129.9,4.0,0.8
The Killing Moon,66.0,346280.0,0.1,0.5,0.9,0.0,7.0,0.3,-4.8,1.0,0.0,124.2,4.0,0.7
Don't Change,22.0,268200.0,0.0,0.2,0.8,0.1,9.0,0.1,-6.5,1.0,0.0,163.6,4.0,0.2
Boys Don't Cry,71.0,155973.0,0.0,0.5,0.8,0.0,11.0,0.2,-5.8,0.0,0.1,168.8,4.0,0.7
Rock the Casbah - Remastered,72.0,222426.0,0.3,0.8,0.9,0.0,9.0,0.3,-6.7,0.0,0.1,129.9,4.0,0.9
Debaser,63.0,173173.0,0.0,0.5,0.9,0.4,5.0,0.1,-12.0,1.0,0.0,135.5,4.0,0.6
Whip It,55.0,158106.0,0.1,0.8,0.7,0.0,2.0,0.0,-12.9,1.0,0.1,157.9,4.0,1.0
Love Buzz,43.0,215120.0,0.0,0.5,0.9,0.3,3.0,0.2,-7.2,1.0,0.0,138.0,4.0,0.8
It's The End Of The World As We Know It (And I Feel Fine),47.0,246973.0,0.0,0.6,0.9,0.0,7.0,0.0,-8.9,1.0,0.0,102.8,4.0,0.8
Teen Age Riot (Album Version),62.0,417800.0,0.0,0.3,0.9,0.2,7.0,0.1,-9.7,1.0,0.0,156.4,4.0,0.7
Sunday Bloody Sunday - Remastered 2008,57.0,279440.0,0.4,0.5,0.9,0.0,6.0,0.0,-7.5,1.0,0.1,101.2,4.0,0.7
Video Killed The Radio Star,70.0,252773.0,0.1,0.7,0.7,0.0,1.0,0.2,-11.5,1.0,0.1,131.2,4.0,0.3
Waiting Room,61.0,173266.0,0.0,0.6,0.7,0.9,1.0,0.2,-8.2,0.0,0.0,92.3,4.0,0.5
Don't Want To Know If You Are Lonely,54.0,210866.0,0.0,0.3,1.0,0.0,0.0,0.3,-5.9,1.0,0.1,90.8,4.0,0.6
Epic,69.0,293653.0,0.0,0.4,0.9,0.1,4.0,0.1,-7.5,0.0,0.1,174.2,4.0,0.3
New Sensation,42.0,220160.0,0.0,0.7,0.9,0.0,9.0,0.1,-5.3,1.0,0.1,115.4,4.0,0.9
Brass In Pocket - 2006 Remastered Version,62.0,185960.0,0.4,0.8,0.7,0.0,9.0,0.2,-5.7,1.0,0.0,97.9,4.0,0.9
Pictures Of You - Remastered,48.0,448306.0,0.0,0.5,0.8,0.1,9.0,0.1,-6.5,1.0,0.0,171.9,4.0,0.5
Africa,86.0,295893.0,0.3,0.7,0.4,0.0,9.0,0.0,-18.1,1.0,0.0,92.7,4.0,0.7
Sweet Dreams (Are Made of This) - Remastered,83.0,216933.0,0.2,0.7,0.7,0.0,0.0,0.1,-7.5,0.0,0.0,125.1,4.0,0.9
Don't Stop Believin',58.0,249653.0,0.2,0.5,0.7,0.0,4.0,0.4,-9.7,1.0,0.0,119.0,4.0,0.5
Every Breath You Take,66.0,251573.0,0.6,0.8,0.5,0.0,1.0,0.1,-8.7,1.0,0.0,117.4,4.0,0.7
You Make My Dreams,64.0,190706.0,0.3,0.7,0.6,0.3,5.0,0.0,-6.7,1.0,0.1,167.2,4.0,0.9
I Wanna Dance with Somebody (Who Loves Me),25.0,291293.0,0.2,0.7,0.8,0.0,1.0,0.1,-8.8,1.0,0.0,118.8,4.0,0.9
"80s Baby - feat. Salt-N-Pepa, Naughty By Nature, Tiffany, Debbie Gibson",52.0,217043.0,0.1,0.8,0.9,0.0,7.0,0.1,-4.3,0.0,0.1,104.0,4.0,0.7
Careless Whisper,76.0,300106.0,0.1,0.6,0.6,0.0,2.0,0.3,-8.8,0.0,0.0,153.1,4.0,0.8
I Love Rock 'N Roll,66.0,175173.0,0.3,0.5,0.7,0.0,4.0,0.7,-5.0,1.0,0.0,94.4,4.0,0.9
Whip It,47.0,158640.0,0.1,0.8,0.9,0.0,2.0,0.0,-7.4,1.0,0.1,157.9,4.0,1.0
Beat It - Single Version,79.0,258040.0,0.0,0.8,0.9,0.0,3.0,0.2,-3.7,0.0,0.0,138.9,4.0,0.9
Uptown Girl,69.0,194866.0,0.1,0.7,0.9,0.0,4.0,0.7,-3.0,1.0,0.0,129.0,4.0,0.8
Footloose,74.0,226826.0,0.1,0.6,0.9,0.0,2.0,0.1,-6.1,1.0,0.1,174.0,4.0,0.6
I'm So Excited,67.0,230640.0,0.1,0.6,0.9,0.0,5.0,0.4,-5.8,0.0,0.0,184.3,4.0,0.8
Freeway of Love - Single Mix,55.0,246693.0,0.3,0.7,0.9,0.0,0.0,0.1,-4.9,1.0,0.1,125.4,4.0,0.7
You Got It (The Right Stuff),59.0,249960.0,0.0,0.8,0.5,0.0,0.0,0.1,-13.0,0.0,0.1,111.6,4.0,0.9
Hungry Heart,68.0,199453.0,0.1,0.6,0.9,0.0,8.0,0.2,-7.4,1.0,0.0,109.8,4.0,1.0
Down Under,62.0,223760.0,0.1,0.7,0.8,0.0,11.0,0.0,-4.4,0.0,0.0,107.2,4.0,0.9
9 to 5,75.0,162466.0,0.4,0.6,0.8,0.0,6.0,0.6,-5.9,1.0,0.0,105.4,4.0,0.8
Rosanna,62.0,330986.0,0.0,0.5,0.7,0.0,7.0,0.6,-7.2,0.0,0.0,82.3,4.0,0.7
Wake Me Up Before You Go-Go - Remastered,62.0,232280.0,0.1,0.6,0.8,0.0,0.0,0.1,-5.1,1.0,0.0,81.3,4.0,0.8
Maneater,76.0,271893.0,0.0,0.7,0.7,0.0,11.0,0.1,-7.2,0.0,0.0,88.8,4.0,0.8
In Your Eyes,13.0,329013.0,0.1,0.6,0.7,0.0,11.0,0.1,-7.3,0.0,0.0,89.3,4.0,0.6
Never Gonna Give You Up,55.0,212400.0,0.0,0.7,1.0,0.0,8.0,0.2,-7.0,1.0,0.0,113.4,4.0,0.9
Your Love,72.0,221840.0,0.1,0.6,0.8,0.0,1.0,0.1,-7.9,0.0,0.1,129.6,4.0,0.6
Dancing In the Dark,75.0,241306.0,0.0,0.5,0.9,0.0,1.0,0.2,-5.6,0.0,0.0,148.7,4.0,0.5
99 Luftballons,58.0,231466.0,0.1,0.6,0.5,0.0,4.0,0.1,-10.1,1.0,0.0,96.6,4.0,0.6
Girls Just Want to Have Fun,69.0,238120.0,0.2,0.7,0.8,0.0,6.0,0.3,-5.3,1.0,0.0,120.5,4.0,0.7
Thunderstruck,82.0,292880.0,0.0,0.5,0.9,0.0,4.0,0.2,-5.2,1.0,0.0,133.5,4.0,0.3
Rock You Like a Hurricane,62.0,254346.0,0.0,0.6,0.8,0.0,11.0,0.3,-5.8,1.0,0.0,124.0,4.0,0.7
Danger Zone,71.0,215133.0,0.2,0.5,0.9,0.0,3.0,0.1,-6.1,0.0,0.0,157.2,4.0,0.6
I Ran,57.0,219906.0,0.0,0.5,0.8,0.8,2.0,0.2,-6.2,1.0,0.0,145.4,4.0,0.7
You Can Call Me Al,69.0,276360.0,0.1,0.8,0.7,0.0,5.0,0.1,-9.0,1.0,0.0,128.3,4.0,0.9
We Built This City,75.0,296080.0,0.1,0.7,0.9,0.0,5.0,0.1,-4.9,1.0,0.0,144.1,4.0,0.7
What I Like About You,70.0,175400.0,0.3,0.5,0.9,0.0,9.0,0.2,-9.6,1.0,0.1,159.8,4.0,0.9
Somebody's Watching Me - Single Version,69.0,237760.0,0.0,0.8,0.7,0.0,1.0,0.1,-4.1,0.0,0.0,124.1,4.0,0.8
How Will I Know,48.0,273413.0,0.2,0.8,0.7,0.0,6.0,0.6,-9.2,1.0,0.0,119.6,4.0,0.9
Caribbean Queen (No More Love On the Run),56.0,244440.0,0.2,0.8,0.7,0.0,5.0,0.1,-7.0,1.0,0.0,113.8,4.0,1.0
(I've Had) The Time of My Life,21.0,289680.0,0.0,0.7,0.7,0.0,6.0,0.1,-12.9,0.0,0.0,108.5,4.0,0.5
Walk This Way (feat. Aerosmith),69.0,309760.0,0.0,0.8,0.6,0.0,6.0,0.1,-12.6,0.0,0.0,105.6,4.0,0.9
The Final Countdown,63.0,236760.0,0.0,0.5,0.7,0.0,6.0,0.0,-9.6,0.0,0.0,117.8,4.0,0.4
Break My Stride,62.0,180240.0,0.2,0.9,0.7,0.0,10.0,0.2,-10.2,1.0,0.1,110.1,4.0,0.8
Who Can It Be Now?,61.0,203266.0,0.0,0.8,0.8,0.0,4.0,0.1,-4.0,1.0,0.0,128.5,4.0,1.0
Kiss,75.0,226240.0,0.0,0.9,0.3,0.0,7.0,0.0,-12.2,1.0,0.1,111.5,4.0,0.7
Beds Are Burning - Remastered,66.0,258173.0,0.0,0.8,0.5,0.0,0.0,0.1,-8.7,1.0,0.0,119.2,4.0,0.3
Jessie's Girl,70.0,192866.0,0.1,0.7,0.7,0.0,2.0,0.1,-7.9,1.0,0.0,131.7,4.0,0.8
We Belong - Single Version,12.0,222320.0,0.4,0.7,0.6,0.0,5.0,0.3,-5.2,1.0,0.0,135.2,4.0,0.3
Let's Hear It for the Boy,61.0,261893.0,0.2,0.8,0.6,0.0,7.0,0.0,-8.5,1.0,0.0,122.7,4.0,0.8
Keep on Loving You - Remastered,71.0,200293.0,0.1,0.3,0.7,0.0,0.0,0.1,-6.0,1.0,0.0,174.7,4.0,0.4
It's Still Rock and Roll to Me,62.0,177266.0,0.1,0.7,0.7,0.0,5.0,0.1,-7.6,1.0,0.2,141.4,4.0,0.6
Hold Me Now,52.0,286666.0,0.7,0.8,0.5,0.0,7.0,0.3,-12.8,1.0,0.0,108.2,4.0,0.9
Everyday People,49.0,159986.0,0.0,0.6,0.9,0.0,7.0,0.1,-6.2,1.0,0.1,119.9,4.0,0.7
Cum on Feel the Noize,68.0,290960.0,0.0,0.4,0.9,0.0,11.0,0.1,-5.4,0.0,0.1,145.1,4.0,0.4
Talking In Your Sleep,48.0,236866.0,0.0,0.7,0.9,0.0,9.0,0.1,-11.0,0.0,0.0,129.8,4.0,1.0
Jump (For My Love),63.0,263440.0,0.1,0.9,0.7,0.0,10.0,0.1,-12.5,0.0,0.1,134.4,4.0,0.9
Oh Sherrie,36.0,228800.0,0.3,0.6,0.7,0.0,5.0,0.1,-5.6,1.0,0.0,101.8,4.0,0.3
I Want Candy,57.0,164533.0,0.0,0.7,0.6,0.1,7.0,0.1,-12.9,1.0,0.1,110.0,4.0,0.8
Ghostbusters - From 'Ghostbusters',55.0,245600.0,0.0,0.8,0.6,0.0,6.0,0.3,-14.2,0.0,0.0,115.5,4.0,0.8
Take Me Home Tonight,63.0,211466.0,0.1,0.6,0.8,0.0,1.0,0.1,-6.0,1.0,0.0,132.8,4.0,0.7
You Got It,54.0,211226.0,0.6,0.7,0.6,0.0,9.0,0.2,-9.9,1.0,0.0,114.7,4.0,0.7
I'm Alright (Theme from 'Caddyshack'),40.0,227040.0,0.1,0.6,0.9,0.0,7.0,0.4,-6.4,1.0,0.0,163.2,4.0,0.9
Shake Your Body (Down to the Ground) - Single Edit,61.0,224893.0,0.0,0.8,0.8,0.0,0.0,0.3,-5.0,1.0,0.1,117.8,4.0,0.8
Walk Like an Egyptian,65.0,204706.0,0.0,0.7,0.9,0.0,11.0,0.3,-7.8,1.0,0.1,103.0,4.0,0.8
Total Eclipse of the Heart,75.0,269786.0,0.2,0.4,0.7,0.0,8.0,0.1,-8.2,1.0,0.1,130.3,4.0,0.2
Hypnotize (feat. Pam Long) - 2016 Remastered,50.0,229906.0,0.2,0.9,0.7,0.0,9.0,0.2,-3.8,1.0,0.3,93.9,4.0,0.6
California Love - Original Version,75.0,284480.0,0.0,0.8,0.8,0.0,7.0,0.4,-3.1,1.0,0.0,91.5,4.0,0.8
Don't Believe The Hype,54.0,319493.0,0.0,0.9,0.5,0.0,11.0,0.1,-13.8,1.0,0.3,98.4,4.0,0.8
"Flava In Ya Ear (feat. The Notorious B.I.G., LL Cool J, Busta Rhymes & Rampage) - 2016 Remastered",51.0,302866.0,0.2,0.5,0.9,0.0,9.0,0.2,-3.9,0.0,0.5,177.8,4.0,0.8
The Rain (Supa Dupa Fly),61.0,246173.0,0.1,0.9,0.6,0.0,1.0,0.1,-10.0,1.0,0.2,162.1,4.0,0.7
The World Is Yours,59.0,290573.0,0.3,0.7,0.8,0.0,10.0,0.1,-6.2,0.0,0.1,87.4,4.0,0.5
Hip Hop Hooray,69.0,267266.0,0.1,0.9,0.6,0.0,6.0,0.3,-13.7,0.0,0.1,99.2,4.0,0.8
Keep Their Heads Ringin',64.0,305573.0,0.0,0.7,0.8,0.0,9.0,0.1,-4.2,0.0,0.1,90.6,4.0,0.2
Juicy - 2016 Remastered,47.0,302546.0,0.5,0.9,0.9,0.0,9.0,0.2,-2.3,1.0,0.3,96.0,4.0,0.8
Gangsta's Paradise,82.0,240693.0,0.1,0.6,0.5,0.0,8.0,0.4,-10.1,1.0,0.1,80.0,4.0,0.4
Gin And Juice (feat. Dat Nigga Daz),76.0,211493.0,0.0,0.5,0.9,0.0,7.0,0.6,-4.3,1.0,0.2,94.7,4.0,0.3
Crush On You,57.0,275640.0,0.3,0.8,0.6,0.0,11.0,0.1,-6.8,0.0,0.3,88.9,4.0,0.8
The Humpty Dance,62.0,391693.0,0.0,0.8,0.7,0.0,10.0,0.1,-8.0,0.0,0.3,103.5,4.0,0.6
Cause I Can Do It Right,42.0,249506.0,0.3,0.8,0.7,0.0,1.0,0.2,-12.9,1.0,0.1,108.5,4.0,0.9
Jump Around,77.0,214946.0,0.0,0.9,0.7,0.0,4.0,0.2,-6.3,0.0,0.1,106.9,4.0,0.8
Put Your Hands Where My Eyes Could See,65.0,194293.0,0.0,0.9,0.6,0.0,1.0,0.1,-6.7,0.0,0.3,99.5,4.0,0.7
"It's All About The Benjamins (feat. The Notorious B.I.G., Lil' Kim & The Lox) - Remix",56.0,278200.0,0.0,0.9,0.7,0.0,6.0,0.1,-3.5,1.0,0.2,89.7,4.0,0.7
Sexy M.F.,48.0,326093.0,0.2,0.8,0.7,0.0,2.0,0.1,-8.1,1.0,0.1,106.2,4.0,0.5
Rump Shaker,44.0,311506.0,0.0,0.9,0.8,0.0,1.0,0.3,-6.1,1.0,0.2,102.8,4.0,0.2
Hail Mary,68.0,309800.0,0.2,0.7,0.6,0.0,10.0,0.3,-6.9,0.0,0.3,81.9,4.0,0.4
I Got 5 On It,61.0,253533.0,0.2,0.6,0.7,0.0,10.0,0.1,-7.9,0.0,0.4,174.1,4.0,0.6
Who Am I (What's My Name)?,72.0,246320.0,0.0,0.7,0.8,0.0,7.0,0.5,-4.0,1.0,0.0,96.8,4.0,0.7
U.N.I.T.Y.,18.0,251906.0,0.0,0.7,0.7,0.0,4.0,0.3,-4.1,0.0,0.4,93.8,4.0,0.5
Mama Said Knock You Out,46.0,287893.0,0.0,0.8,0.8,0.5,10.0,0.3,-7.4,0.0,0.1,102.4,4.0,0.6
Mind Playing Tricks on Me,67.0,308733.0,0.2,0.9,0.5,0.0,10.0,0.1,-11.8,0.0,0.2,94.0,4.0,0.5
I Get Around,71.0,259000.0,0.2,0.8,0.4,0.0,10.0,0.3,-14.0,0.0,0.1,96.2,4.0,0.6
Big Poppa,75.0,252746.0,0.4,0.8,0.6,0.0,9.0,0.1,-7.2,0.0,0.3,84.5,4.0,0.8
"Shook Ones, Pt. II",77.0,325506.0,0.0,0.8,0.8,0.0,10.0,0.1,-6.5,0.0,0.2,93.9,4.0,0.5
Runnin',65.0,296266.0,0.0,0.8,0.8,0.0,10.0,0.3,-8.2,0.0,0.2,94.1,4.0,0.8
N.Y. State of Mind,64.0,293973.0,0.0,0.7,0.9,0.0,6.0,0.2,-4.7,0.0,0.2,84.1,4.0,0.9
Bring Da Ruckus,64.0,251466.0,0.2,0.8,0.6,0.0,11.0,0.4,-9.4,1.0,0.4,87.6,4.0,0.5
Oh My God,55.0,208840.0,0.0,0.9,0.7,0.0,10.0,0.1,-8.0,0.0,0.3,94.6,4.0,0.7
Informer,64.0,268910.0,0.1,0.8,0.7,0.0,6.0,0.4,-11.0,0.0,0.2,98.1,4.0,0.5
Killing Me Softly With His Song,72.0,298773.0,0.0,0.8,0.3,0.0,4.0,0.6,-17.1,0.0,0.1,92.4,4.0,0.5
Love Like This - 2016 Remaster,45.0,271920.0,0.0,0.7,0.7,0.0,0.0,0.1,-4.0,1.0,0.1,100.9,4.0,0.8
Feel So Good - 2016 Remastered,45.0,204666.0,0.2,0.8,0.8,0.0,1.0,0.1,-6.0,0.0,0.3,105.2,4.0,0.6
Insane in the Brain,46.0,210160.0,0.0,0.9,0.6,0.1,8.0,0.1,-10.8,0.0,0.2,102.2,4.0,0.7
Baby Got Back,27.0,262826.0,0.0,0.9,0.7,0.0,1.0,0.1,-11.3,1.0,0.3,128.5,4.0,0.6
Sabotage,73.0,178440.0,0.0,0.3,0.9,0.0,6.0,0.1,-7.3,0.0,0.1,168.1,4.0,0.5
O.P.P,60.0,271066.0,0.0,0.8,0.8,0.0,4.0,0.1,-11.9,0.0,0.1,97.7,4.0,0.8
Fight The Power,56.0,282640.0,0.0,0.8,0.6,0.0,2.0,0.5,-13.0,1.0,0.3,106.0,4.0,0.4
Poison,49.0,261866.0,0.0,0.8,0.6,0.0,6.0,0.6,-10.1,0.0,0.2,111.9,4.0,0.7
U Can't Touch This,73.0,257360.0,0.0,0.9,0.5,0.0,11.0,0.1,-13.2,0.0,0.1,133.1,4.0,0.9
Tennessee - Remastered,45.0,272706.0,0.0,0.8,0.9,0.0,1.0,0.3,-3.7,0.0,0.2,99.9,4.0,0.7
Around The Way Girl,48.0,246533.0,0.0,0.6,0.7,0.0,1.0,0.3,-10.8,0.0,0.3,202.1,4.0,0.7
Can't You See (feat. The Notorious B.I.G.) - 2016 Remastered,42.0,279520.0,0.2,0.7,0.7,0.0,8.0,0.3,-4.9,0.0,0.1,86.3,4.0,0.8
Get Ur Freak On,73.0,211120.0,0.5,0.8,0.8,0.1,0.0,0.1,-9.4,1.0,0.2,177.9,4.0,0.7
Can I Kick It?,72.0,251573.0,0.2,0.8,0.7,0.0,0.0,0.1,-6.5,1.0,0.3,96.7,4.0,0.7
Anywhere - 2016 Remastered,41.0,247213.0,0.2,0.6,0.6,0.0,7.0,0.1,-6.0,0.0,0.3,125.9,4.0,0.9
"Very Special - feat. Spinderella, Laree Williams And Karen Anderson",44.0,305013.0,0.2,0.7,0.4,0.0,8.0,0.1,-13.4,0.0,0.1,80.2,4.0,0.7
Woo Hah!! Got You All In Check,42.0,271973.0,0.1,0.8,0.8,0.0,1.0,0.1,-7.1,1.0,0.2,92.1,4.0,0.8
Return Of The Mack,73.0,213093.0,0.0,0.7,0.8,0.0,2.0,0.2,-5.4,1.0,0.1,95.5,4.0,0.6
Just A Friend,63.0,238266.0,0.1,0.9,0.7,0.0,0.0,0.3,-9.0,1.0,0.2,85.3,4.0,0.8
Shimmy Shimmy Ya,68.0,161400.0,0.1,0.8,0.5,0.0,0.0,0.0,-5.2,1.0,0.2,96.3,4.0,0.2
Money Ain't a Thang,58.0,254253.0,0.1,0.9,0.7,0.0,6.0,0.1,-7.3,0.0,0.2,100.0,4.0,0.8
Got Your Money (feat. Kelis),65.0,239546.0,0.1,0.9,0.5,0.0,1.0,0.2,-7.7,1.0,0.2,103.0,4.0,0.7
Knockin' Boots,32.0,233120.0,0.1,0.9,0.7,0.0,7.0,0.4,-8.2,1.0,0.3,101.4,4.0,0.6
Gettin' Jiggy Wit It,72.0,227694.0,0.0,0.9,0.9,0.0,6.0,0.2,-4.5,1.0,0.1,107.9,4.0,0.9
Gone Till November,47.0,207466.0,0.1,0.7,0.5,0.0,4.0,0.2,-9.0,1.0,0.1,85.9,4.0,0.4
Rebirth Of Slick (Cool Like Dat),58.0,261266.0,0.0,0.9,0.3,0.1,1.0,0.1,-18.9,0.0,0.2,98.3,4.0,0.6
No Scrubs,51.0,218026.0,0.0,0.8,0.6,0.0,8.0,0.1,-5.5,0.0,0.1,92.9,4.0,0.5
Doo Wop (That Thing),76.0,320266.0,0.0,0.5,0.5,0.0,2.0,0.1,-8.9,0.0,0.2,99.9,4.0,0.5
Summertime - Single Edit,47.0,237093.0,0.0,0.6,0.8,0.0,7.0,0.4,-6.3,1.0,0.1,95.0,4.0,0.4
Ghetto Supastar (That is What You Are),70.0,261133.0,0.0,0.8,0.7,0.0,1.0,0.2,-8.4,1.0,0.2,99.9,4.0,0.5
Jump,69.0,195106.0,0.0,0.7,0.7,0.0,2.0,0.3,-10.6,1.0,0.2,102.0,4.0,0.5
No Diggity,81.0,304600.0,0.3,0.9,0.6,0.0,1.0,0.3,-4.7,0.0,0.3,88.6,4.0,0.7
Still Not a Player (feat. Joe),53.0,236120.0,0.2,0.9,0.7,0.0,4.0,0.1,-5.4,0.0,0.3,94.1,4.0,0.9
I Wish - Radio Edit,63.0,252306.0,0.0,0.7,0.7,0.0,7.0,0.3,-10.1,1.0,0.2,97.9,4.0,0.6
Regulate,76.0,248866.0,0.3,0.8,0.5,0.0,11.0,0.1,-13.1,0.0,0.2,95.3,4.0,0.7
Now That We Found Love,45.0,257693.0,0.0,0.7,0.9,0.0,8.0,0.2,-7.9,1.0,0.1,120.0,4.0,0.7
I'll Be There For You/You're All I Need To Get By,10.0,307506.0,0.1,0.7,0.8,0.0,1.0,0.3,-3.7,0.0,0.1,95.1,4.0,0.6
It Was A Good Day,64.0,260306.0,0.1,0.8,0.8,0.0,5.0,0.0,-5.4,0.0,0.1,82.4,4.0,0.8
Funkdafied,50.0,185933.0,0.1,0.8,0.5,0.0,11.0,0.1,-12.4,0.0,0.3,91.0,4.0,0.7
On & On,52.0,225973.0,0.1,0.8,0.4,0.0,4.0,0.3,-10.8,1.0,0.2,80.5,4.0,0.4
Murder Was The Case (Death After Visualizing Eternity) (feat. Dat Nigga Daz),39.0,218186.0,0.0,0.4,0.8,0.0,11.0,0.3,-5.4,1.0,0.1,91.2,4.0,0.6
Under The Bridge,67.0,265506.0,0.0,0.6,0.5,0.0,4.0,0.1,-8.0,1.0,0.0,84.3,4.0,0.5
Drive,76.0,232453.0,0.1,0.6,0.8,0.0,4.0,0.1,-7.3,0.0,0.0,90.6,4.0,0.7
Torn - Acoustic MTV Unplugged,61.0,186400.0,0.7,0.5,0.5,0.0,5.0,0.1,-8.4,1.0,0.0,93.8,4.0,0.5
Wonderwall,21.0,258906.0,0.0,0.4,0.8,0.0,2.0,0.1,-5.6,1.0,0.0,174.4,4.0,0.5
Give Me One Reason,71.0,268333.0,0.6,0.6,0.4,0.0,11.0,0.1,-10.0,1.0,0.0,100.2,4.0,0.6
High And Dry,74.0,257480.0,0.1,0.4,0.4,0.0,4.0,0.1,-11.8,1.0,0.0,87.8,4.0,0.4
Sunny Came Home,62.0,264200.0,0.3,0.6,0.6,0.0,11.0,0.1,-8.1,0.0,0.0,167.8,4.0,0.4
Fade Into You,72.0,295600.0,0.2,0.4,0.3,0.0,9.0,0.1,-13.9,1.0,0.0,157.1,3.0,0.2
Hallelujah,57.0,413826.0,0.9,0.3,0.1,0.0,0.0,0.2,-10.3,1.0,0.0,96.9,3.0,0.1
Bitter Sweet Symphony,32.0,358426.0,0.0,0.4,0.9,0.0,9.0,0.5,-6.5,1.0,0.0,171.1,4.0,0.5
Meet Virginia,67.0,239933.0,0.1,0.7,0.6,0.0,7.0,0.1,-7.8,1.0,0.0,90.0,4.0,0.6
How's It Going To Be,67.0,253413.0,0.0,0.6,0.6,0.0,5.0,0.1,-9.4,1.0,0.0,80.3,4.0,0.6
Iris,77.0,289533.0,0.0,0.3,0.7,0.0,11.0,0.1,-8.1,0.0,0.0,155.9,3.0,0.5
Mr. Jones,78.0,272506.0,0.2,0.6,0.8,0.0,0.0,0.2,-6.5,1.0,0.0,141.6,4.0,0.8
Good Riddance (Time of Your Life),77.0,153466.0,0.2,0.5,0.4,0.0,7.0,0.2,-7.8,1.0,0.0,94.6,4.0,0.6
You Were Meant For Me,66.0,254480.0,0.8,0.6,0.3,0.0,6.0,0.1,-7.9,1.0,0.0,111.9,4.0,0.4
Fake Plastic Trees,70.0,290706.0,0.2,0.5,0.2,0.1,2.0,0.2,-12.6,1.0,0.0,73.6,4.0,0.1
Zombie - Acoustic Version,64.0,241560.0,0.0,0.5,0.4,0.0,4.0,0.1,-8.0,0.0,0.0,84.1,4.0,0.1
Don't Speak,39.0,263000.0,0.2,0.5,0.7,0.0,5.0,0.2,-7.1,0.0,0.0,76.1,4.0,0.6
Save Tonight,75.0,242733.0,0.0,0.5,0.7,0.0,0.0,0.3,-8.7,1.0,0.0,119.6,4.0,0.7
Glycerine - Acoustic,14.0,212893.0,0.6,0.6,0.3,0.0,11.0,0.1,-9.3,0.0,0.0,118.8,4.0,0.3
The Freshmen,65.0,269466.0,0.1,0.6,0.5,0.0,1.0,0.1,-9.3,0.0,0.0,99.6,4.0,0.3
Loser,70.0,235000.0,0.0,0.7,0.6,0.0,6.0,0.4,-10.4,0.0,0.1,85.4,4.0,0.8
1979,19.0,265893.0,0.0,0.8,0.7,0.7,8.0,0.1,-11.3,1.0,0.0,127.0,4.0,1.0
Losing My Religion,28.0,267733.0,0.1,0.7,0.8,0.0,9.0,0.1,-6.0,0.0,0.0,125.4,4.0,0.8
Push,72.0,238666.0,0.0,0.4,0.7,0.0,6.0,0.1,-7.9,1.0,0.0,168.0,4.0,0.5
When I Come Around,74.0,178000.0,0.0,0.5,0.9,0.0,11.0,0.2,-4.2,1.0,0.0,97.5,4.0,0.8
What It's Like,17.0,303133.0,0.1,0.7,0.6,0.0,0.0,0.1,-7.4,1.0,0.0,85.2,4.0,0.4
Plush - Acoustic,63.0,230293.0,0.7,0.6,0.4,0.0,5.0,0.7,-11.0,0.0,0.0,133.4,4.0,0.3
Everlong - Acoustic Version,70.0,250906.0,0.9,0.6,0.3,0.0,2.0,0.1,-11.3,1.0,0.0,144.2,4.0,0.5
Name,66.0,270000.0,0.1,0.5,0.7,0.0,9.0,0.1,-5.9,1.0,0.0,74.0,4.0,0.4
A Long December,59.0,295066.0,0.5,0.4,0.6,0.0,5.0,0.3,-6.9,1.0,0.0,142.3,4.0,0.4
Kiss From A Rose - Acoustic Version,56.0,324066.0,0.7,0.7,0.4,0.0,4.0,0.1,-9.7,0.0,0.0,119.3,3.0,0.3
Head Over Feet - Live/Unplugged Version,54.0,262560.0,0.1,0.4,0.7,0.0,0.0,1.0,-8.7,1.0,0.1,168.8,4.0,0.3
All The Small Things,80.0,168000.0,0.0,0.4,0.9,0.0,0.0,0.5,-4.8,1.0,0.1,148.6,4.0,0.7
Black Hole Sun,16.0,318040.0,0.0,0.4,0.7,0.0,6.0,0.1,-8.5,1.0,0.0,105.8,4.0,0.2
Slide,69.0,212066.0,0.0,0.4,0.8,0.0,8.0,0.0,-4.5,1.0,0.0,112.4,4.0,0.5
Crash into Me,68.0,316466.0,0.1,0.5,0.7,0.0,4.0,0.1,-10.8,1.0,0.0,101.1,4.0,0.6
Santeria,24.0,183200.0,0.0,0.7,0.8,0.0,1.0,0.1,-5.2,0.0,0.0,90.4,4.0,0.6
Runaway Train,70.0,265866.0,0.0,0.6,0.7,0.0,0.0,0.1,-8.0,1.0,0.0,117.3,4.0,0.6
Alright,73.0,180880.0,0.0,0.5,1.0,0.2,4.0,0.3,-4.8,0.0,0.1,145.9,4.0,0.7
Don't Speak,66.0,262746.0,0.3,0.5,0.8,0.0,5.0,0.1,-5.4,0.0,0.0,76.1,4.0,0.6
Right Here Right Now,56.0,189293.0,0.0,0.7,0.6,0.0,2.0,0.1,-13.6,1.0,0.0,106.9,4.0,0.7
Crazy for This Girl,56.0,202026.0,0.0,0.5,0.9,0.0,0.0,0.1,-5.5,1.0,0.0,94.0,4.0,0.4
One Week,56.0,169760.0,0.0,0.7,0.9,0.0,9.0,0.1,-6.0,1.0,0.0,112.8,4.0,0.7
Send Me On My Way,57.0,261706.0,0.2,0.5,0.8,0.0,0.0,0.1,-6.5,1.0,0.1,119.4,4.0,0.7
Feed the Tree,47.0,209000.0,0.0,0.5,0.7,0.7,0.0,0.1,-8.3,1.0,0.0,138.0,4.0,0.9
Why I'm Here,50.0,238093.0,0.0,0.6,0.7,0.0,8.0,0.1,-7.1,0.0,0.0,100.0,4.0,0.5
Beautiful Girl,52.0,207546.0,0.0,0.7,0.7,0.7,11.0,0.1,-6.1,1.0,0.0,120.6,4.0,0.4
That Was A Crazy Game of Poker,53.0,522760.0,0.0,0.5,0.7,0.0,0.0,0.1,-8.7,1.0,0.1,80.8,4.0,0.6
Losing My Religion,7.0,267760.0,0.1,0.7,0.9,0.0,9.0,0.1,-4.5,0.0,0.0,125.4,4.0,0.8
Unbelievable,11.0,209813.0,0.0,0.6,0.8,0.0,1.0,0.1,-6.9,1.0,0.0,104.1,4.0,0.9
Little Black Backpack - Remastered,6.0,224939.0,0.0,0.5,0.9,0.0,7.0,0.1,-4.9,1.0,0.1,118.1,4.0,0.3
Teenage Dirtbag,72.0,241840.0,0.4,0.6,0.8,0.0,4.0,0.2,-4.1,1.0,0.1,94.7,4.0,0.6
Come Out and Play,11.0,197800.0,0.1,0.5,0.9,0.0,7.0,0.1,-3.8,1.0,0.2,158.3,4.0,0.9
All Star,83.0,200373.0,0.0,0.7,0.9,0.0,11.0,0.1,-5.9,1.0,0.0,104.0,4.0,0.8
Absolutely (Story of a Girl) - Radio Mix,68.0,189333.0,0.0,0.5,0.9,0.0,7.0,0.1,-5.2,1.0,0.1,96.5,4.0,0.7
Roll To Me,60.0,132306.0,0.4,0.6,0.8,0.0,6.0,0.1,-5.8,1.0,0.0,150.0,4.0,0.9
Hey Leonardo (She Likes Me For Me),4.0,208493.0,0.0,0.6,0.8,0.0,1.0,0.1,-3.7,1.0,0.0,103.1,4.0,0.6
Inside Out,68.0,219466.0,0.1,0.5,0.8,0.0,11.0,0.4,-7.7,1.0,0.0,175.7,4.0,0.7
Blister in the Sun - 2002 Remastered Version,69.0,144333.0,0.2,0.7,0.3,0.0,0.0,0.1,-19.8,1.0,0.1,97.0,4.0,0.9
Cannonball,8.0,215573.0,0.0,0.5,0.7,0.8,3.0,0.4,-11.8,1.0,0.0,112.5,4.0,0.8
Iris,79,289906,0.00133,0.291,0.79,5.61E-06,11,0.0811,-5.683,0,0.0363,155.667,3,0.513
Into Your Arms,6,164466,0.0271,0.48,0.891,3.24E-06,2,0.185,-5.001,1,0.0332,123.961,4,0.662
Mmm Mmm Mmm Mmm,59,235173,0.25,0.58,0.575,1.83E-05,3,0.0813,-7.72,1,0.0231,92.934,4,0.37
Santa Monica,68,191506,0.156,0.491,0.942,0,7,0.367,-5.333,1,0.132,100.446,4,0.387
It's The End Of The World As We Know It (And I Feel Fine),67,246933,0.026,0.383,0.893,0,7,0.0251,-8.638,1,0.037,205.544,4,0.803
Shine,67,306040,0.294,0.54,0.423,0.0884,6,0.152,-8.799,1,0.0283,150.135,4,0.353
Run-Around,61,280093,0.0721,0.58,0.899,0,7,0.0942,-5.503,1,0.0818,152.311,4,0.847
Lullaby,52,329866,0.0211,0.626,0.731,0.00231,7,0.249,-8,1,0.0455,79.971,4,0.545
You Don't Know How It Feels,66,289440,0.119,0.765,0.502,0.0011,9,0.171,-7.393,1,0.0321,144.204,4,0.836
Linger,77,274706,0.0783,0.439,0.434,4.87E-05,7,0.14,-14.918,1,0.0265,94.845,4,0.204
Ironic,60,225933,0.25,0.295,0.593,0,11,0.236,-7.572,1,0.0555,85.482,4,0.37
Breakfast At Tiffany's,68,257373,0.12,0.628,0.829,0,2,0.097,-5.484,1,0.0293,110.377,4,0.503
Counting Blue Cars (Tell Me Your Thoughts On God),60,291906,0.0105,0.461,0.802,2.18E-05,2,0.253,-4.279,1,0.029,100.179,4,0.384
One Man Army,49,202293,0.0273,0.406,0.888,0,6,0.0848,-4.204,1,0.131,159.386,4,0.592
Stupid Girl,59,258133,0.00336,0.588,0.804,0.00172,11,0.0358,-4.006,1,0.0333,120.015,4,0.736
Glycerine,15,266493,0.0365,0.447,0.337,0.00124,5,0.0945,-11.402,1,0.0325,114.422,4,0.0827
